kingdom	phylum	class	order	family	genus	sequence	taxon_id
Archaea	Euryarchaeota	Methanobacteria	Methanobacteriales	Methanobacteriaceae	Methanobrevibacter	Archaea Euryarchaeota Methanobacteria Methanobacteriales Methanobacteriaceae Methanobrevibacter	t1
Archaea	Euryarchaeota	Methanobacteria	Methanobacteriales	Methanobacteriaceae	Methanosphaera	Archaea Euryarchaeota Methanobacteria Methanobacteriales Methanobacteriaceae Methanosphaera	t2
Archaea	Thaumarchaeota	Nitrososphaeria	Nitrososphaerales	Nitrososphaeraceae	CP012850_g	Archaea Thaumarchaeota Nitrososphaeria Nitrososphaerales Nitrososphaeraceae CP012850_g	t3
Bacteria	Acidobacteria	Acidobacteriia	Acidobacteriales	Acidobacteriaceae	JF807641_g	Bacteria Acidobacteria Acidobacteriia Acidobacteriales Acidobacteriaceae JF807641_g	t4
Bacteria	Acidobacteria	Blastocatellia	Blastocatellales	Blastocatellaceae	HQ597814_g	Bacteria Acidobacteria Blastocatellia Blastocatellales Blastocatellaceae HQ597814_g	t5
Bacteria	Acidobacteria	CP015136_c	CP015136_o	CP015136_f	GU260705_g	Bacteria Acidobacteria CP015136_c CP015136_o CP015136_f GU260705_g	t6
Bacteria	Actinobacteria	Acidimicrobiia	Acidimicrobiales	Microthrixaceae	LCZK_g	Bacteria Actinobacteria Acidimicrobiia Acidimicrobiales Microthrixaceae LCZK_g	t7
Bacteria	Actinobacteria	Actinobacteria_c	Actinomycetales	Actinomycetaceae	Actinobaculum	Bacteria Actinobacteria Actinobacteria_c Actinomycetales Actinomycetaceae Actinobaculum	t8
Bacteria	Actinobacteria	Actinobacteria_c	Actinomycetales	Actinomycetaceae	Actinomyces	Bacteria Actinobacteria Actinobacteria_c Actinomycetales Actinomycetaceae Actinomyces	t9
Bacteria	Actinobacteria	Actinobacteria_c	Actinomycetales	Actinomycetaceae	Actinotignum	Bacteria Actinobacteria Actinobacteria_c Actinomycetales Actinomycetaceae Actinotignum	t10
Bacteria	Actinobacteria	Actinobacteria_c	Actinomycetales	Actinomycetaceae	Arcanobacterium	Bacteria Actinobacteria Actinobacteria_c Actinomycetales Actinomycetaceae Arcanobacterium	t11
Bacteria	Actinobacteria	Actinobacteria_c	Actinomycetales	Actinomycetaceae	Mobiluncus	Bacteria Actinobacteria Actinobacteria_c Actinomycetales Actinomycetaceae Mobiluncus	t12
Bacteria	Actinobacteria	Actinobacteria_c	Actinomycetales	Actinomycetaceae		Bacteria Actinobacteria Actinobacteria_c Actinomycetales Actinomycetaceae NA	t13
Bacteria	Actinobacteria	Actinobacteria_c	Actinomycetales	Actinomycetaceae	Trueperella	Bacteria Actinobacteria Actinobacteria_c Actinomycetales Actinomycetaceae Trueperella	t14
Bacteria	Actinobacteria	Actinobacteria_c	Bifidobacteriales	Bifidobacteriaceae	Alloscardovia	Bacteria Actinobacteria Actinobacteria_c Bifidobacteriales Bifidobacteriaceae Alloscardovia	t15
Bacteria	Actinobacteria	Actinobacteria_c	Bifidobacteriales	Bifidobacteriaceae	Bifidobacterium	Bacteria Actinobacteria Actinobacteria_c Bifidobacteriales Bifidobacteriaceae Bifidobacterium	t16
Bacteria	Actinobacteria	Actinobacteria_c	Bifidobacteriales	Bifidobacteriaceae	Gardnerella	Bacteria Actinobacteria Actinobacteria_c Bifidobacteriales Bifidobacteriaceae Gardnerella	t17
Bacteria	Actinobacteria	Actinobacteria_c	Bifidobacteriales	Bifidobacteriaceae		Bacteria Actinobacteria Actinobacteria_c Bifidobacteriales Bifidobacteriaceae NA	t18
Bacteria	Actinobacteria	Actinobacteria_c	Bifidobacteriales	Bifidobacteriaceae	Parascardovia	Bacteria Actinobacteria Actinobacteria_c Bifidobacteriales Bifidobacteriaceae Parascardovia	t19
Bacteria	Actinobacteria	Actinobacteria_c	Bifidobacteriales	Bifidobacteriaceae	Scardovia	Bacteria Actinobacteria Actinobacteria_c Bifidobacteriales Bifidobacteriaceae Scardovia	t20
Bacteria	Actinobacteria	Actinobacteria_c	Corynebacteriales	Corynebacteriaceae	Corynebacterium	Bacteria Actinobacteria Actinobacteria_c Corynebacteriales Corynebacteriaceae Corynebacterium	t21
Bacteria	Actinobacteria	Actinobacteria_c	Corynebacteriales	Corynebacteriaceae		Bacteria Actinobacteria Actinobacteria_c Corynebacteriales Corynebacteriaceae NA	t22
Bacteria	Actinobacteria	Actinobacteria_c	Corynebacteriales	Corynebacteriaceae	Turicella	Bacteria Actinobacteria Actinobacteria_c Corynebacteriales Corynebacteriaceae Turicella	t23
Bacteria	Actinobacteria	Actinobacteria_c	Corynebacteriales	CP009312_f	CP009312_g	Bacteria Actinobacteria Actinobacteria_c Corynebacteriales CP009312_f CP009312_g	t24
Bacteria	Actinobacteria	Actinobacteria_c	Corynebacteriales	Dietziaceae	Dietzia	Bacteria Actinobacteria Actinobacteria_c Corynebacteriales Dietziaceae Dietzia	t25
Bacteria	Actinobacteria	Actinobacteria_c	Corynebacteriales	Mycobacteriaceae	Mycobacterium	Bacteria Actinobacteria Actinobacteria_c Corynebacteriales Mycobacteriaceae Mycobacterium	t26
Bacteria	Actinobacteria	Actinobacteria_c	Corynebacteriales			Bacteria Actinobacteria Actinobacteria_c Corynebacteriales NA NA	t27
Bacteria	Actinobacteria	Actinobacteria_c	Corynebacteriales	Nocardiaceae	Gordonia	Bacteria Actinobacteria Actinobacteria_c Corynebacteriales Nocardiaceae Gordonia	t28
Bacteria	Actinobacteria	Actinobacteria_c	Corynebacteriales	Nocardiaceae	Rhodococcus	Bacteria Actinobacteria Actinobacteria_c Corynebacteriales Nocardiaceae Rhodococcus	t29
Bacteria	Actinobacteria	Actinobacteria_c	Frankiales	Geodermatophilaceae	Blastococcus	Bacteria Actinobacteria Actinobacteria_c Frankiales Geodermatophilaceae Blastococcus	t30
Bacteria	Actinobacteria	Actinobacteria_c	Frankiales	HQ910322_f	HQ910322_g	Bacteria Actinobacteria Actinobacteria_c Frankiales HQ910322_f HQ910322_g	t31
Bacteria	Actinobacteria	Actinobacteria_c	Frankiales	Nakamurellaceae	Nakamurella	Bacteria Actinobacteria Actinobacteria_c Frankiales Nakamurellaceae Nakamurella	t32
Bacteria	Actinobacteria	Actinobacteria_c	Micrococcales	Beutenbergiaceae	Miniimonas	Bacteria Actinobacteria Actinobacteria_c Micrococcales Beutenbergiaceae Miniimonas	t33
Bacteria	Actinobacteria	Actinobacteria_c	Micrococcales	Brevibacteriaceae	Brevibacterium	Bacteria Actinobacteria Actinobacteria_c Micrococcales Brevibacteriaceae Brevibacterium	t34
Bacteria	Actinobacteria	Actinobacteria_c	Micrococcales	Brevibacteriaceae	Spelaeicoccus	Bacteria Actinobacteria Actinobacteria_c Micrococcales Brevibacteriaceae Spelaeicoccus	t35
Bacteria	Actinobacteria	Actinobacteria_c	Micrococcales	Cellulomonadaceae	Cellulomonas	Bacteria Actinobacteria Actinobacteria_c Micrococcales Cellulomonadaceae Cellulomonas	t36
Bacteria	Actinobacteria	Actinobacteria_c	Micrococcales	Dermabacteraceae	Brachybacterium	Bacteria Actinobacteria Actinobacteria_c Micrococcales Dermabacteraceae Brachybacterium	t37
Bacteria	Actinobacteria	Actinobacteria_c	Micrococcales	Dermabacteraceae	Dermabacter	Bacteria Actinobacteria Actinobacteria_c Micrococcales Dermabacteraceae Dermabacter	t38
Bacteria	Actinobacteria	Actinobacteria_c	Micrococcales	Dermabacteraceae	Helcobacillus	Bacteria Actinobacteria Actinobacteria_c Micrococcales Dermabacteraceae Helcobacillus	t39
Bacteria	Actinobacteria	Actinobacteria_c	Micrococcales	Dermacoccaceae	Dermacoccus	Bacteria Actinobacteria Actinobacteria_c Micrococcales Dermacoccaceae Dermacoccus	t40
Bacteria	Actinobacteria	Actinobacteria_c	Micrococcales	Dermacoccaceae	Kytococcus	Bacteria Actinobacteria Actinobacteria_c Micrococcales Dermacoccaceae Kytococcus	t41
Bacteria	Actinobacteria	Actinobacteria_c	Micrococcales	Intrasporangiaceae	Knoellia	Bacteria Actinobacteria Actinobacteria_c Micrococcales Intrasporangiaceae Knoellia	t42
Bacteria	Actinobacteria	Actinobacteria_c	Micrococcales	Intrasporangiaceae		Bacteria Actinobacteria Actinobacteria_c Micrococcales Intrasporangiaceae NA	t43
Bacteria	Actinobacteria	Actinobacteria_c	Micrococcales	Microbacteriaceae	Leucobacter	Bacteria Actinobacteria Actinobacteria_c Micrococcales Microbacteriaceae Leucobacter	t44
Bacteria	Actinobacteria	Actinobacteria_c	Micrococcales	Microbacteriaceae	Lysinimonas	Bacteria Actinobacteria Actinobacteria_c Micrococcales Microbacteriaceae Lysinimonas	t45
Bacteria	Actinobacteria	Actinobacteria_c	Micrococcales	Microbacteriaceae		Bacteria Actinobacteria Actinobacteria_c Micrococcales Microbacteriaceae NA	t46
Bacteria	Actinobacteria	Actinobacteria_c	Micrococcales	Microbacteriaceae	Pseudoclavibacter	Bacteria Actinobacteria Actinobacteria_c Micrococcales Microbacteriaceae Pseudoclavibacter	t47
Bacteria	Actinobacteria	Actinobacteria_c	Micrococcales	Microbacteriaceae	Zimmermannella	Bacteria Actinobacteria Actinobacteria_c Micrococcales Microbacteriaceae Zimmermannella	t48
Bacteria	Actinobacteria	Actinobacteria_c	Micrococcales	Micrococcaceae	Glutamicibacter	Bacteria Actinobacteria Actinobacteria_c Micrococcales Micrococcaceae Glutamicibacter	t49
Bacteria	Actinobacteria	Actinobacteria_c	Micrococcales	Micrococcaceae	Kocuria	Bacteria Actinobacteria Actinobacteria_c Micrococcales Micrococcaceae Kocuria	t50
Bacteria	Actinobacteria	Actinobacteria_c	Micrococcales	Micrococcaceae	Micrococcus	Bacteria Actinobacteria Actinobacteria_c Micrococcales Micrococcaceae Micrococcus	t51
Bacteria	Actinobacteria	Actinobacteria_c	Micrococcales	Micrococcaceae		Bacteria Actinobacteria Actinobacteria_c Micrococcales Micrococcaceae NA	t52
Bacteria	Actinobacteria	Actinobacteria_c	Micrococcales	Micrococcaceae	Nesterenkonia	Bacteria Actinobacteria Actinobacteria_c Micrococcales Micrococcaceae Nesterenkonia	t53
Bacteria	Actinobacteria	Actinobacteria_c	Micrococcales	Micrococcaceae	Rothia	Bacteria Actinobacteria Actinobacteria_c Micrococcales Micrococcaceae Rothia	t54
Bacteria	Actinobacteria	Actinobacteria_c	Micrococcales			Bacteria Actinobacteria Actinobacteria_c Micrococcales NA NA	t55
Bacteria	Actinobacteria	Actinobacteria_c				Bacteria Actinobacteria Actinobacteria_c NA NA NA	t56
Bacteria	Actinobacteria	Actinobacteria_c	Propionibacteriales	Nocardioidaceae	Nocardioides	Bacteria Actinobacteria Actinobacteria_c Propionibacteriales Nocardioidaceae Nocardioides	t57
Bacteria	Actinobacteria	Actinobacteria_c	Propionibacteriales	Propionibacteriaceae	Propionibacterium	Bacteria Actinobacteria Actinobacteria_c Propionibacteriales Propionibacteriaceae Propionibacterium	t58
Bacteria	Actinobacteria	Actinobacteria_c	Propionibacteriales	Propionibacteriaceae	Propionimicrobium	Bacteria Actinobacteria Actinobacteria_c Propionibacteriales Propionibacteriaceae Propionimicrobium	t59
Bacteria	Actinobacteria	Coriobacteriia	Coriobacteriales	Coriobacteriaceae	AM277063_g	Bacteria Actinobacteria Coriobacteriia Coriobacteriales Coriobacteriaceae AM277063_g	t60
Bacteria	Actinobacteria	Coriobacteriia	Coriobacteriales	Coriobacteriaceae	AM277970_g	Bacteria Actinobacteria Coriobacteriia Coriobacteriales Coriobacteriaceae AM277970_g	t61
Bacteria	Actinobacteria	Coriobacteriia	Coriobacteriales	Coriobacteriaceae	Atopobium	Bacteria Actinobacteria Coriobacteriia Coriobacteriales Coriobacteriaceae Atopobium	t62
Bacteria	Actinobacteria	Coriobacteriia	Coriobacteriales	Coriobacteriaceae	Collinsella	Bacteria Actinobacteria Coriobacteriia Coriobacteriales Coriobacteriaceae Collinsella	t63
Bacteria	Actinobacteria	Coriobacteriia	Coriobacteriales	Coriobacteriaceae	CP009302_g	Bacteria Actinobacteria Coriobacteriia Coriobacteriales Coriobacteriaceae CP009302_g	t64
Bacteria	Actinobacteria	Coriobacteriia	Coriobacteriales	Coriobacteriaceae	Cryptobacterium	Bacteria Actinobacteria Coriobacteriia Coriobacteriales Coriobacteriaceae Cryptobacterium	t65
Bacteria	Actinobacteria	Coriobacteriia	Coriobacteriales	Coriobacteriaceae	DQ905324_g	Bacteria Actinobacteria Coriobacteriia Coriobacteriales Coriobacteriaceae DQ905324_g	t66
Bacteria	Actinobacteria	Coriobacteriia	Coriobacteriales	Coriobacteriaceae	KQ959671_g	Bacteria Actinobacteria Coriobacteriia Coriobacteriales Coriobacteriaceae KQ959671_g	t67
Bacteria	Actinobacteria	Coriobacteriia	Coriobacteriales	Coriobacteriaceae		Bacteria Actinobacteria Coriobacteriia Coriobacteriales Coriobacteriaceae NA	t68
Bacteria	Actinobacteria	Coriobacteriia	Coriobacteriales	Coriobacteriaceae	Olsenella	Bacteria Actinobacteria Coriobacteriia Coriobacteriales Coriobacteriaceae Olsenella	t69
Bacteria	Actinobacteria	Coriobacteriia	Coriobacteriales	Coriobacteriaceae	Senegalemassilia	Bacteria Actinobacteria Coriobacteriia Coriobacteriales Coriobacteriaceae Senegalemassilia	t70
Bacteria	Actinobacteria	Coriobacteriia	Coriobacteriales	Coriobacteriaceae	Slackia	Bacteria Actinobacteria Coriobacteriia Coriobacteriales Coriobacteriaceae Slackia	t71
Bacteria	Actinobacteria	Rubrobacteria	Gaiellales	Gaiellaceae	Gaiella	Bacteria Actinobacteria Rubrobacteria Gaiellales Gaiellaceae Gaiella	t72
Bacteria	Actinobacteria	Thermoleophilia	Solirubrobacterales	Conexibacteraceae	Conexibacter	Bacteria Actinobacteria Thermoleophilia Solirubrobacterales Conexibacteraceae Conexibacter	t73
Bacteria	Bacteroidetes	Bacteroidia	Bacteroidales	Bacteroidaceae	Bacteroides	Bacteria Bacteroidetes Bacteroidia Bacteroidales Bacteroidaceae Bacteroides	t74
Bacteria	Bacteroidetes	Bacteroidia	Bacteroidales	EU845084_f	AB506391_g	Bacteria Bacteroidetes Bacteroidia Bacteroidales EU845084_f AB506391_g	t75
Bacteria	Bacteroidetes	Bacteroidia	Bacteroidales	EU845084_f	AM419981_g	Bacteria Bacteroidetes Bacteroidia Bacteroidales EU845084_f AM419981_g	t76
Bacteria	Bacteroidetes	Bacteroidia	Bacteroidales	EU845084_f	DQ003626_g	Bacteria Bacteroidetes Bacteroidia Bacteroidales EU845084_f DQ003626_g	t77
Bacteria	Bacteroidetes	Bacteroidia	Bacteroidales	EU845084_f	DQ455995_g	Bacteria Bacteroidetes Bacteroidia Bacteroidales EU845084_f DQ455995_g	t78
Bacteria	Bacteroidetes	Bacteroidia	Bacteroidales	EU845084_f	EF603735_g	Bacteria Bacteroidetes Bacteroidia Bacteroidales EU845084_f EF603735_g	t79
Bacteria	Bacteroidetes	Bacteroidia	Bacteroidales	EU845084_f	EU845084_g	Bacteria Bacteroidetes Bacteroidia Bacteroidales EU845084_f EU845084_g	t80
Bacteria	Bacteroidetes	Bacteroidia	Bacteroidales	EU845084_f		Bacteria Bacteroidetes Bacteroidia Bacteroidales EU845084_f NA	t81
Bacteria	Bacteroidetes	Bacteroidia	Bacteroidales			Bacteria Bacteroidetes Bacteroidia Bacteroidales NA NA	t82
Bacteria	Bacteroidetes	Bacteroidia	Bacteroidales	Odoribacteraceae	Butyricimonas	Bacteria Bacteroidetes Bacteroidia Bacteroidales Odoribacteraceae Butyricimonas	t83
Bacteria	Bacteroidetes	Bacteroidia	Bacteroidales	Odoribacteraceae	Odoribacter	Bacteria Bacteroidetes Bacteroidia Bacteroidales Odoribacteraceae Odoribacter	t84
Bacteria	Bacteroidetes	Bacteroidia	Bacteroidales	Porphyromonadaceae	ADCM_g	Bacteria Bacteroidetes Bacteroidia Bacteroidales Porphyromonadaceae ADCM_g	t85
Bacteria	Bacteroidetes	Bacteroidia	Bacteroidales	Porphyromonadaceae	AM420159_g	Bacteria Bacteroidetes Bacteroidia Bacteroidales Porphyromonadaceae AM420159_g	t86
Bacteria	Bacteroidetes	Bacteroidia	Bacteroidales	Porphyromonadaceae	Barnesiella	Bacteria Bacteroidetes Bacteroidia Bacteroidales Porphyromonadaceae Barnesiella	t87
Bacteria	Bacteroidetes	Bacteroidia	Bacteroidales	Porphyromonadaceae	Coprobacter	Bacteria Bacteroidetes Bacteroidia Bacteroidales Porphyromonadaceae Coprobacter	t88
Bacteria	Bacteroidetes	Bacteroidia	Bacteroidales	Porphyromonadaceae	Parabacteroides	Bacteria Bacteroidetes Bacteroidia Bacteroidales Porphyromonadaceae Parabacteroides	t89
Bacteria	Bacteroidetes	Bacteroidia	Bacteroidales	Porphyromonadaceae	Porphyromonas	Bacteria Bacteroidetes Bacteroidia Bacteroidales Porphyromonadaceae Porphyromonas	t90
Bacteria	Bacteroidetes	Bacteroidia	Bacteroidales	Porphyromonadaceae	Tannerella	Bacteria Bacteroidetes Bacteroidia Bacteroidales Porphyromonadaceae Tannerella	t91
Bacteria	Bacteroidetes	Bacteroidia	Bacteroidales	Prevotellaceae	Alloprevotella	Bacteria Bacteroidetes Bacteroidia Bacteroidales Prevotellaceae Alloprevotella	t92
Bacteria	Bacteroidetes	Bacteroidia	Bacteroidales	Prevotellaceae	FJ363576_g	Bacteria Bacteroidetes Bacteroidia Bacteroidales Prevotellaceae FJ363576_g	t93
Bacteria	Bacteroidetes	Bacteroidia	Bacteroidales	Prevotellaceae	FJ440089_g	Bacteria Bacteroidetes Bacteroidia Bacteroidales Prevotellaceae FJ440089_g	t94
Bacteria	Bacteroidetes	Bacteroidia	Bacteroidales	Prevotellaceae	GQ451241_g	Bacteria Bacteroidetes Bacteroidia Bacteroidales Prevotellaceae GQ451241_g	t95
Bacteria	Bacteroidetes	Bacteroidia	Bacteroidales	Prevotellaceae		Bacteria Bacteroidetes Bacteroidia Bacteroidales Prevotellaceae NA	t96
Bacteria	Bacteroidetes	Bacteroidia	Bacteroidales	Prevotellaceae	Paraprevotella	Bacteria Bacteroidetes Bacteroidia Bacteroidales Prevotellaceae Paraprevotella	t97
Bacteria	Bacteroidetes	Bacteroidia	Bacteroidales	Prevotellaceae	Prevotella	Bacteria Bacteroidetes Bacteroidia Bacteroidales Prevotellaceae Prevotella	t98
Bacteria	Bacteroidetes	Bacteroidia	Bacteroidales	Rikenellaceae	Alistipes	Bacteria Bacteroidetes Bacteroidia Bacteroidales Rikenellaceae Alistipes	t99
Bacteria	Bacteroidetes	Bacteroidia	Bacteroidales	S24-7_f	DQ824928_g	Bacteria Bacteroidetes Bacteroidia Bacteroidales S24-7_f DQ824928_g	t100
Bacteria	Bacteroidetes	Bacteroidia	Bacteroidales	S24-7_f	EF406806_g	Bacteria Bacteroidetes Bacteroidia Bacteroidales S24-7_f EF406806_g	t101
Bacteria	Bacteroidetes	Bacteroidia	Bacteroidales	S24-7_f	EF602759_g	Bacteria Bacteroidetes Bacteroidia Bacteroidales S24-7_f EF602759_g	t102
Bacteria	Bacteroidetes	Bacteroidia	Bacteroidales	S24-7_f	GU303868_g	Bacteria Bacteroidetes Bacteroidia Bacteroidales S24-7_f GU303868_g	t103
Bacteria	Bacteroidetes	Bacteroidia	Bacteroidales	S24-7_f		Bacteria Bacteroidetes Bacteroidia Bacteroidales S24-7_f NA	t104
Bacteria	Bacteroidetes	Cytophagia	Cytophagales	Cytophagaceae	Chryseolinea	Bacteria Bacteroidetes Cytophagia Cytophagales Cytophagaceae Chryseolinea	t105
Bacteria	Bacteroidetes	Cytophagia	Cytophagales	Hymenobacteraceae	Hymenobacter	Bacteria Bacteroidetes Cytophagia Cytophagales Hymenobacteraceae Hymenobacter	t106
Bacteria	Bacteroidetes	Flavobacteria	Flavobacteriales	Crocinitomicaceae	Fluviicola	Bacteria Bacteroidetes Flavobacteria Flavobacteriales Crocinitomicaceae Fluviicola	t107
Bacteria	Bacteroidetes	Flavobacteria	Flavobacteriales	Flavobacteriaceae	Bergeyella	Bacteria Bacteroidetes Flavobacteria Flavobacteriales Flavobacteriaceae Bergeyella	t108
Bacteria	Bacteroidetes	Flavobacteria	Flavobacteriales	Flavobacteriaceae	Capnocytophaga	Bacteria Bacteroidetes Flavobacteria Flavobacteriales Flavobacteriaceae Capnocytophaga	t109
Bacteria	Bacteroidetes	Flavobacteria	Flavobacteriales	Flavobacteriaceae	Chryseobacterium	Bacteria Bacteroidetes Flavobacteria Flavobacteriales Flavobacteriaceae Chryseobacterium	t110
Bacteria	Bacteroidetes	Flavobacteria	Flavobacteriales	Flavobacteriaceae	Cloacibacterium	Bacteria Bacteroidetes Flavobacteria Flavobacteriales Flavobacteriaceae Cloacibacterium	t111
Bacteria	Bacteroidetes	Flavobacteria	Flavobacteriales	Flavobacteriaceae	Empedobacter	Bacteria Bacteroidetes Flavobacteria Flavobacteriales Flavobacteriaceae Empedobacter	t112
Bacteria	Bacteroidetes	Flavobacteria	Flavobacteriales	Flavobacteriaceae	Epilithonimonas	Bacteria Bacteroidetes Flavobacteria Flavobacteriales Flavobacteriaceae Epilithonimonas	t113
Bacteria	Bacteroidetes	Flavobacteria	Flavobacteriales	Flavobacteriaceae	Flavobacterium	Bacteria Bacteroidetes Flavobacteria Flavobacteriales Flavobacteriaceae Flavobacterium	t114
Bacteria	Bacteroidetes	Flavobacteria	Flavobacteriales	Flavobacteriaceae		Bacteria Bacteroidetes Flavobacteria Flavobacteriales Flavobacteriaceae NA	t115
Bacteria	Bacteroidetes	Flavobacteria	Flavobacteriales	Flavobacteriaceae	Weeksella	Bacteria Bacteroidetes Flavobacteria Flavobacteriales Flavobacteriaceae Weeksella	t116
Bacteria	Bacteroidetes	Flavobacteria	Flavobacteriales	GU454927_f	GU454927_g	Bacteria Bacteroidetes Flavobacteria Flavobacteriales GU454927_f GU454927_g	t117
Bacteria	Bacteroidetes					Bacteria Bacteroidetes NA NA NA NA	t118
Bacteria	Bacteroidetes	Sphingobacteriia	Sphingobacteriales	Chitinophagaceae		Bacteria Bacteroidetes Sphingobacteriia Sphingobacteriales Chitinophagaceae NA	t119
Bacteria	Bacteroidetes	Sphingobacteriia	Sphingobacteriales	Chitinophagaceae	Parafilimonas	Bacteria Bacteroidetes Sphingobacteriia Sphingobacteriales Chitinophagaceae Parafilimonas	t120
Bacteria	Bacteroidetes	Sphingobacteriia	Sphingobacteriales	Chitinophagaceae	Taibaiella	Bacteria Bacteroidetes Sphingobacteriia Sphingobacteriales Chitinophagaceae Taibaiella	t121
Bacteria	Bacteroidetes	Sphingobacteriia	Sphingobacteriales	Chitinophagaceae	Terrimonas	Bacteria Bacteroidetes Sphingobacteriia Sphingobacteriales Chitinophagaceae Terrimonas	t122
Bacteria	Bacteroidetes	Sphingobacteriia	Sphingobacteriales	Sphingobacteriaceae	Mucilaginibacter	Bacteria Bacteroidetes Sphingobacteriia Sphingobacteriales Sphingobacteriaceae Mucilaginibacter	t123
Bacteria	Bacteroidetes	Sphingobacteriia	Sphingobacteriales	Sphingobacteriaceae	Pedobacter	Bacteria Bacteroidetes Sphingobacteriia Sphingobacteriales Sphingobacteriaceae Pedobacter	t124
Bacteria	Bacteroidetes	Sphingobacteriia	Sphingobacteriales	Sphingobacteriaceae	Sphingobacterium	Bacteria Bacteroidetes Sphingobacteriia Sphingobacteriales Sphingobacteriaceae Sphingobacterium	t125
Bacteria	Chlamydiae	Chlamydiae_c	Chlamydiales	Chlamydiaceae	Chlamydia	Bacteria Chlamydiae Chlamydiae_c Chlamydiales Chlamydiaceae Chlamydia	t126
Bacteria	Chlamydiae	Chlamydiae_c	Chlamydiales	Parachlamydiaceae		Bacteria Chlamydiae Chlamydiae_c Chlamydiales Parachlamydiaceae NA	t127
Bacteria	Cyanobacteria	Chroobacteria	Oscillatoriales	Pseudanabaenaceae	EU753634_g	Bacteria Cyanobacteria Chroobacteria Oscillatoriales Pseudanabaenaceae EU753634_g	t128
Bacteria	Cyanobacteria	Chroobacteria	Pleurocapsales	Chroococcidiopsis_f		Bacteria Cyanobacteria Chroobacteria Pleurocapsales Chroococcidiopsis_f NA	t129
Bacteria	Cyanobacteria	JF737898_c	GU174155_o	GU444060_f	GU444060_g	Bacteria Cyanobacteria JF737898_c GU174155_o GU444060_f GU444060_g	t130
Bacteria	Cyanobacteria	JF737898_c	GU174155_o	JN713383_f	JN713383_g	Bacteria Cyanobacteria JF737898_c GU174155_o JN713383_f JN713383_g	t131
Bacteria	Cyanobacteria	JF737898_c	JF737898_o	JF737898_f	JF737898_g	Bacteria Cyanobacteria JF737898_c JF737898_o JF737898_f JF737898_g	t132
Bacteria	Cyanobacteria	Vampirovibrio_c	FR888536_o	FR888536_f	FR888536_g	Bacteria Cyanobacteria Vampirovibrio_c FR888536_o FR888536_f FR888536_g	t133
Bacteria	Deinococcus-Thermus	Deinococci	Deinococcales	Deinococcaceae	Deinococcus	Bacteria Deinococcus-Thermus Deinococci Deinococcales Deinococcaceae Deinococcus	t134
Bacteria	Deinococcus-Thermus	Deinococci	Thermales	Thermaceae	Thermus	Bacteria Deinococcus-Thermus Deinococci Thermales Thermaceae Thermus	t135
Bacteria	Deinococcus-Thermus	Deinococci	Trueperales	Trueperaceae	Truepera	Bacteria Deinococcus-Thermus Deinococci Trueperales Trueperaceae Truepera	t136
Bacteria	Elusimicrobia	Elusimicrobia_c	Elusimicrobiales	Elusimicrobiaceae	Elusimicrobium	Bacteria Elusimicrobia Elusimicrobia_c Elusimicrobiales Elusimicrobiaceae Elusimicrobium	t137
Bacteria	Firmicutes	Bacilli	Bacillales	Alicyclobacillaceae	Alicyclobacillus	Bacteria Firmicutes Bacilli Bacillales Alicyclobacillaceae Alicyclobacillus	t138
Bacteria	Firmicutes	Bacilli	Bacillales	Bacillaceae	Bacillus	Bacteria Firmicutes Bacilli Bacillales Bacillaceae Bacillus	t139
Bacteria	Firmicutes	Bacilli	Bacillales	Bacillaceae	Bacillus_g6	Bacteria Firmicutes Bacilli Bacillales Bacillaceae Bacillus_g6	t140
Bacteria	Firmicutes	Bacilli	Bacillales	Bacillaceae	Caldibacillus	Bacteria Firmicutes Bacilli Bacillales Bacillaceae Caldibacillus	t141
Bacteria	Firmicutes	Bacilli	Bacillales	Bacillaceae		Bacteria Firmicutes Bacilli Bacillales Bacillaceae NA	t142
Bacteria	Firmicutes	Bacilli	Bacillales	Bacillaceae	Oceanobacillus	Bacteria Firmicutes Bacilli Bacillales Bacillaceae Oceanobacillus	t143
Bacteria	Firmicutes	Bacilli	Bacillales	Gemella_f	Gemella	Bacteria Firmicutes Bacilli Bacillales Gemella_f Gemella	t144
Bacteria	Firmicutes	Bacilli	Bacillales	Listeriaceae	Brochothrix	Bacteria Firmicutes Bacilli Bacillales Listeriaceae Brochothrix	t145
Bacteria	Firmicutes	Bacilli	Bacillales			Bacteria Firmicutes Bacilli Bacillales NA NA	t146
Bacteria	Firmicutes	Bacilli	Bacillales	Paenibacillaceae	Brevibacillus	Bacteria Firmicutes Bacilli Bacillales Paenibacillaceae Brevibacillus	t147
Bacteria	Firmicutes	Bacilli	Bacillales	Planococcaceae	Psychrobacillus	Bacteria Firmicutes Bacilli Bacillales Planococcaceae Psychrobacillus	t148
Bacteria	Firmicutes	Bacilli	Bacillales	Planococcaceae	Sporosarcina	Bacteria Firmicutes Bacilli Bacillales Planococcaceae Sporosarcina	t149
Bacteria	Firmicutes	Bacilli	Bacillales	Staphylococcaceae	Jeotgalicoccus	Bacteria Firmicutes Bacilli Bacillales Staphylococcaceae Jeotgalicoccus	t150
Bacteria	Firmicutes	Bacilli	Bacillales	Staphylococcaceae		Bacteria Firmicutes Bacilli Bacillales Staphylococcaceae NA	t151
Bacteria	Firmicutes	Bacilli	Bacillales	Staphylococcaceae	Nosocomiicoccus	Bacteria Firmicutes Bacilli Bacillales Staphylococcaceae Nosocomiicoccus	t152
Bacteria	Firmicutes	Bacilli	Bacillales	Staphylococcaceae	Staphylococcus	Bacteria Firmicutes Bacilli Bacillales Staphylococcaceae Staphylococcus	t153
Bacteria	Firmicutes	Bacilli	Lactobacillales	Aerococcaceae	Abiotrophia	Bacteria Firmicutes Bacilli Lactobacillales Aerococcaceae Abiotrophia	t154
Bacteria	Firmicutes	Bacilli	Lactobacillales	Aerococcaceae	Aerococcus	Bacteria Firmicutes Bacilli Lactobacillales Aerococcaceae Aerococcus	t155
Bacteria	Firmicutes	Bacilli	Lactobacillales	Aerococcaceae	AJ279038_g	Bacteria Firmicutes Bacilli Lactobacillales Aerococcaceae AJ279038_g	t156
Bacteria	Firmicutes	Bacilli	Lactobacillales	Aerococcaceae	Eremococcus	Bacteria Firmicutes Bacilli Lactobacillales Aerococcaceae Eremococcus	t157
Bacteria	Firmicutes	Bacilli	Lactobacillales	Aerococcaceae	Facklamia	Bacteria Firmicutes Bacilli Lactobacillales Aerococcaceae Facklamia	t158
Bacteria	Firmicutes	Bacilli	Lactobacillales	Aerococcaceae	Globicatella	Bacteria Firmicutes Bacilli Lactobacillales Aerococcaceae Globicatella	t159
Bacteria	Firmicutes	Bacilli	Lactobacillales	Aerococcaceae	Granulicatella	Bacteria Firmicutes Bacilli Lactobacillales Aerococcaceae Granulicatella	t160
Bacteria	Firmicutes	Bacilli	Lactobacillales	Aerococcaceae	Ignavigranum	Bacteria Firmicutes Bacilli Lactobacillales Aerococcaceae Ignavigranum	t161
Bacteria	Firmicutes	Bacilli	Lactobacillales	Aerococcaceae		Bacteria Firmicutes Bacilli Lactobacillales Aerococcaceae NA	t162
Bacteria	Firmicutes	Bacilli	Lactobacillales	Carnobacteriaceae	Allofustis	Bacteria Firmicutes Bacilli Lactobacillales Carnobacteriaceae Allofustis	t163
Bacteria	Firmicutes	Bacilli	Lactobacillales	Carnobacteriaceae	Alloiococcus	Bacteria Firmicutes Bacilli Lactobacillales Carnobacteriaceae Alloiococcus	t164
Bacteria	Firmicutes	Bacilli	Lactobacillales	Carnobacteriaceae	Dolosigranulum	Bacteria Firmicutes Bacilli Lactobacillales Carnobacteriaceae Dolosigranulum	t165
Bacteria	Firmicutes	Bacilli	Lactobacillales	Carnobacteriaceae		Bacteria Firmicutes Bacilli Lactobacillales Carnobacteriaceae NA	t166
Bacteria	Firmicutes	Bacilli	Lactobacillales	Carnobacteriaceae	Trichococcus	Bacteria Firmicutes Bacilli Lactobacillales Carnobacteriaceae Trichococcus	t167
Bacteria	Firmicutes	Bacilli	Lactobacillales	Enterococcaceae	DQ345464_g	Bacteria Firmicutes Bacilli Lactobacillales Enterococcaceae DQ345464_g	t168
Bacteria	Firmicutes	Bacilli	Lactobacillales	Enterococcaceae	Enterococcus	Bacteria Firmicutes Bacilli Lactobacillales Enterococcaceae Enterococcus	t169
Bacteria	Firmicutes	Bacilli	Lactobacillales	Enterococcaceae		Bacteria Firmicutes Bacilli Lactobacillales Enterococcaceae NA	t170
Bacteria	Firmicutes	Bacilli	Lactobacillales	Lactobacillaceae	Lacticaseibacillus	Bacteria Firmicutes Bacilli Lactobacillales Lactobacillaceae Lacticaseibacillus	t171
Bacteria	Firmicutes	Bacilli	Lactobacillales	Lactobacillaceae	Lactiplantibacillus	Bacteria Firmicutes Bacilli Lactobacillales Lactobacillaceae Lactiplantibacillus	t172
Bacteria	Firmicutes	Bacilli	Lactobacillales	Lactobacillaceae	Lactobacillus crispatus group	Bacteria Firmicutes Bacilli Lactobacillales Lactobacillaceae Lactobacillus crispatus group	t173
Bacteria	Firmicutes	Bacilli	Lactobacillales	Lactobacillaceae	Lactobacillus gasseri group	Bacteria Firmicutes Bacilli Lactobacillales Lactobacillaceae Lactobacillus gasseri group	t174
Bacteria	Firmicutes	Bacilli	Lactobacillales	Lactobacillaceae	Lactobacillus iners group	Bacteria Firmicutes Bacilli Lactobacillales Lactobacillaceae Lactobacillus iners group	t175
Bacteria	Firmicutes	Bacilli	Lactobacillales	Lactobacillaceae	Lactobacillus jensenii group	Bacteria Firmicutes Bacilli Lactobacillales Lactobacillaceae Lactobacillus jensenii group	t176
Bacteria	Firmicutes	Bacilli	Lactobacillales	Lactobacillaceae	Latilactobacillus	Bacteria Firmicutes Bacilli Lactobacillales Lactobacillaceae Latilactobacillus	t177
Bacteria	Firmicutes	Bacilli	Lactobacillales	Lactobacillaceae	Lentilactobacillus	Bacteria Firmicutes Bacilli Lactobacillales Lactobacillaceae Lentilactobacillus	t178
Bacteria	Firmicutes	Bacilli	Lactobacillales	Lactobacillaceae	Leuconostoc	Bacteria Firmicutes Bacilli Lactobacillales Lactobacillaceae Leuconostoc	t179
Bacteria	Firmicutes	Bacilli	Lactobacillales	Lactobacillaceae	Levilactobacillus	Bacteria Firmicutes Bacilli Lactobacillales Lactobacillaceae Levilactobacillus	t180
Bacteria	Firmicutes	Bacilli	Lactobacillales	Lactobacillaceae	Ligilactobacillus	Bacteria Firmicutes Bacilli Lactobacillales Lactobacillaceae Ligilactobacillus	t181
Bacteria	Firmicutes	Bacilli	Lactobacillales	Lactobacillaceae	Limosilactobacillus	Bacteria Firmicutes Bacilli Lactobacillales Lactobacillaceae Limosilactobacillus	t182
Bacteria	Firmicutes	Bacilli	Lactobacillales	Lactobacillaceae	Liquorilactobacillus	Bacteria Firmicutes Bacilli Lactobacillales Lactobacillaceae Liquorilactobacillus	t183
Bacteria	Firmicutes	Bacilli	Lactobacillales	Lactobacillaceae	Loigolactobacillus	Bacteria Firmicutes Bacilli Lactobacillales Lactobacillaceae Loigolactobacillus	t184
Bacteria	Firmicutes	Bacilli	Lactobacillales	Lactobacillaceae		Bacteria Firmicutes Bacilli Lactobacillales Lactobacillaceae NA	t185
Bacteria	Firmicutes	Bacilli	Lactobacillales	Lactobacillaceae	Pediococcus	Bacteria Firmicutes Bacilli Lactobacillales Lactobacillaceae Pediococcus	t186
Bacteria	Firmicutes	Bacilli	Lactobacillales	Lactobacillaceae	Weissella	Bacteria Firmicutes Bacilli Lactobacillales Lactobacillaceae Weissella	t187
Bacteria	Firmicutes	Bacilli	Lactobacillales			Bacteria Firmicutes Bacilli Lactobacillales NA NA	t188
Bacteria	Firmicutes	Bacilli	Lactobacillales	Streptococcaceae	Lactococcus	Bacteria Firmicutes Bacilli Lactobacillales Streptococcaceae Lactococcus	t189
Bacteria	Firmicutes	Bacilli	Lactobacillales	Streptococcaceae	Streptococcus	Bacteria Firmicutes Bacilli Lactobacillales Streptococcaceae Streptococcus	t190
Bacteria	Firmicutes	Bacilli				Bacteria Firmicutes Bacilli NA NA NA	t191
Bacteria	Firmicutes	Clostridia	Clostridiales	Christensenellaceae	AB239481_g	Bacteria Firmicutes Clostridia Clostridiales Christensenellaceae AB239481_g	t192
Bacteria	Firmicutes	Clostridia	Clostridiales	Christensenellaceae	AB294309_g	Bacteria Firmicutes Clostridia Clostridiales Christensenellaceae AB294309_g	t193
Bacteria	Firmicutes	Clostridia	Clostridiales	Christensenellaceae	AY442821_g	Bacteria Firmicutes Clostridia Clostridiales Christensenellaceae AY442821_g	t194
Bacteria	Firmicutes	Clostridia	Clostridiales	Christensenellaceae	Christensenella	Bacteria Firmicutes Clostridia Clostridiales Christensenellaceae Christensenella	t195
Bacteria	Firmicutes	Clostridia	Clostridiales	Christensenellaceae	EF401862_g	Bacteria Firmicutes Clostridia Clostridiales Christensenellaceae EF401862_g	t196
Bacteria	Firmicutes	Clostridia	Clostridiales	Christensenellaceae	FJ848389_g	Bacteria Firmicutes Clostridia Clostridiales Christensenellaceae FJ848389_g	t197
Bacteria	Firmicutes	Clostridia	Clostridiales	Christensenellaceae	GQ422712_g	Bacteria Firmicutes Clostridia Clostridiales Christensenellaceae GQ422712_g	t198
Bacteria	Firmicutes	Clostridia	Clostridiales	Christensenellaceae	GU302849_g	Bacteria Firmicutes Clostridia Clostridiales Christensenellaceae GU302849_g	t199
Bacteria	Firmicutes	Clostridia	Clostridiales	Christensenellaceae	HM124151_g	Bacteria Firmicutes Clostridia Clostridiales Christensenellaceae HM124151_g	t200
Bacteria	Firmicutes	Clostridia	Clostridiales	Christensenellaceae	HM124244_g	Bacteria Firmicutes Clostridia Clostridiales Christensenellaceae HM124244_g	t201
Bacteria	Firmicutes	Clostridia	Clostridiales	Christensenellaceae	HM124260_g	Bacteria Firmicutes Clostridia Clostridiales Christensenellaceae HM124260_g	t202
Bacteria	Firmicutes	Clostridia	Clostridiales	Christensenellaceae	HQ697740_g	Bacteria Firmicutes Clostridia Clostridiales Christensenellaceae HQ697740_g	t203
Bacteria	Firmicutes	Clostridia	Clostridiales	Christensenellaceae	HQ716403_g	Bacteria Firmicutes Clostridia Clostridiales Christensenellaceae HQ716403_g	t204
Bacteria	Firmicutes	Clostridia	Clostridiales	Christensenellaceae	JN162687_g	Bacteria Firmicutes Clostridia Clostridiales Christensenellaceae JN162687_g	t205
Bacteria	Firmicutes	Clostridia	Clostridiales	Clostridiaceae	Clostridium	Bacteria Firmicutes Clostridia Clostridiales Clostridiaceae Clostridium	t206
Bacteria	Firmicutes	Clostridia	Clostridiales	Clostridiaceae		Bacteria Firmicutes Clostridia Clostridiales Clostridiaceae NA	t207
Bacteria	Firmicutes	Clostridia	Clostridiales	EU234093_f	AB606326_g	Bacteria Firmicutes Clostridia Clostridiales EU234093_f AB606326_g	t208
Bacteria	Firmicutes	Clostridia	Clostridiales	EU234093_f		Bacteria Firmicutes Clostridia Clostridiales EU234093_f NA	t209
Bacteria	Firmicutes	Clostridia	Clostridiales	Eubacteriaceae	Pseudoramibacter	Bacteria Firmicutes Clostridia Clostridiales Eubacteriaceae Pseudoramibacter	t210
Bacteria	Firmicutes	Clostridia	Clostridiales	Lachnospiraceae	AF287775_g	Bacteria Firmicutes Clostridia Clostridiales Lachnospiraceae AF287775_g	t211
Bacteria	Firmicutes	Clostridia	Clostridiales	Lachnospiraceae	Agathobacter	Bacteria Firmicutes Clostridia Clostridiales Lachnospiraceae Agathobacter	t212
Bacteria	Firmicutes	Clostridia	Clostridiales	Lachnospiraceae	AJ518873_g	Bacteria Firmicutes Clostridia Clostridiales Lachnospiraceae AJ518873_g	t213
Bacteria	Firmicutes	Clostridia	Clostridiales	Lachnospiraceae	AJ576336_g	Bacteria Firmicutes Clostridia Clostridiales Lachnospiraceae AJ576336_g	t214
Bacteria	Firmicutes	Clostridia	Clostridiales	Lachnospiraceae	AM420062_g	Bacteria Firmicutes Clostridia Clostridiales Lachnospiraceae AM420062_g	t215
Bacteria	Firmicutes	Clostridia	Clostridiales	Lachnospiraceae	Anaerostipes	Bacteria Firmicutes Clostridia Clostridiales Lachnospiraceae Anaerostipes	t216
Bacteria	Firmicutes	Clostridia	Clostridiales	Lachnospiraceae	AY305316_g	Bacteria Firmicutes Clostridia Clostridiales Lachnospiraceae AY305316_g	t217
Bacteria	Firmicutes	Clostridia	Clostridiales	Lachnospiraceae	Bacteroides_g1	Bacteria Firmicutes Clostridia Clostridiales Lachnospiraceae Bacteroides_g1	t218
Bacteria	Firmicutes	Clostridia	Clostridiales	Lachnospiraceae	Blautia	Bacteria Firmicutes Clostridia Clostridiales Lachnospiraceae Blautia	t219
Bacteria	Firmicutes	Clostridia	Clostridiales	Lachnospiraceae	Butyrivibrio	Bacteria Firmicutes Clostridia Clostridiales Lachnospiraceae Butyrivibrio	t220
Bacteria	Firmicutes	Clostridia	Clostridiales	Lachnospiraceae	Butyrivibrio_g1	Bacteria Firmicutes Clostridia Clostridiales Lachnospiraceae Butyrivibrio_g1	t221
Bacteria	Firmicutes	Clostridia	Clostridiales	Lachnospiraceae	Catonella	Bacteria Firmicutes Clostridia Clostridiales Lachnospiraceae Catonella	t222
Bacteria	Firmicutes	Clostridia	Clostridiales	Lachnospiraceae	Clostridium_g11	Bacteria Firmicutes Clostridia Clostridiales Lachnospiraceae Clostridium_g11	t223
Bacteria	Firmicutes	Clostridia	Clostridiales	Lachnospiraceae	Clostridium_g21	Bacteria Firmicutes Clostridia Clostridiales Lachnospiraceae Clostridium_g21	t224
Bacteria	Firmicutes	Clostridia	Clostridiales	Lachnospiraceae	Clostridium_g23	Bacteria Firmicutes Clostridia Clostridiales Lachnospiraceae Clostridium_g23	t225
Bacteria	Firmicutes	Clostridia	Clostridiales	Lachnospiraceae	Clostridium_g24	Bacteria Firmicutes Clostridia Clostridiales Lachnospiraceae Clostridium_g24	t226
Bacteria	Firmicutes	Clostridia	Clostridiales	Lachnospiraceae	Clostridium_g27	Bacteria Firmicutes Clostridia Clostridiales Lachnospiraceae Clostridium_g27	t227
Bacteria	Firmicutes	Clostridia	Clostridiales	Lachnospiraceae	Clostridium_g7	Bacteria Firmicutes Clostridia Clostridiales Lachnospiraceae Clostridium_g7	t228
Bacteria	Firmicutes	Clostridia	Clostridiales	Lachnospiraceae	Clostridium_g8	Bacteria Firmicutes Clostridia Clostridiales Lachnospiraceae Clostridium_g8	t229
Bacteria	Firmicutes	Clostridia	Clostridiales	Lachnospiraceae	Coprococcus	Bacteria Firmicutes Clostridia Clostridiales Lachnospiraceae Coprococcus	t230
Bacteria	Firmicutes	Clostridia	Clostridiales	Lachnospiraceae	Coprococcus_g1	Bacteria Firmicutes Clostridia Clostridiales Lachnospiraceae Coprococcus_g1	t231
Bacteria	Firmicutes	Clostridia	Clostridiales	Lachnospiraceae	Coprococcus_g2	Bacteria Firmicutes Clostridia Clostridiales Lachnospiraceae Coprococcus_g2	t232
Bacteria	Firmicutes	Clostridia	Clostridiales	Lachnospiraceae	Dorea	Bacteria Firmicutes Clostridia Clostridiales Lachnospiraceae Dorea	t233
Bacteria	Firmicutes	Clostridia	Clostridiales	Lachnospiraceae	DQ057459_g	Bacteria Firmicutes Clostridia Clostridiales Lachnospiraceae DQ057459_g	t234
Bacteria	Firmicutes	Clostridia	Clostridiales	Lachnospiraceae	DQ904798_g	Bacteria Firmicutes Clostridia Clostridiales Lachnospiraceae DQ904798_g	t235
Bacteria	Firmicutes	Clostridia	Clostridiales	Lachnospiraceae	EF402988_g	Bacteria Firmicutes Clostridia Clostridiales Lachnospiraceae EF402988_g	t236
Bacteria	Firmicutes	Clostridia	Clostridiales	Lachnospiraceae	EF406589_g	Bacteria Firmicutes Clostridia Clostridiales Lachnospiraceae EF406589_g	t237
Bacteria	Firmicutes	Clostridia	Clostridiales	Lachnospiraceae	Eisenbergiella	Bacteria Firmicutes Clostridia Clostridiales Lachnospiraceae Eisenbergiella	t238
Bacteria	Firmicutes	Clostridia	Clostridiales	Lachnospiraceae	EU358717_g	Bacteria Firmicutes Clostridia Clostridiales Lachnospiraceae EU358717_g	t239
Bacteria	Firmicutes	Clostridia	Clostridiales	Lachnospiraceae	EU457907_g	Bacteria Firmicutes Clostridia Clostridiales Lachnospiraceae EU457907_g	t240
Bacteria	Firmicutes	Clostridia	Clostridiales	Lachnospiraceae	EU728721_g	Bacteria Firmicutes Clostridia Clostridiales Lachnospiraceae EU728721_g	t241
Bacteria	Firmicutes	Clostridia	Clostridiales	Lachnospiraceae	EU842423_g	Bacteria Firmicutes Clostridia Clostridiales Lachnospiraceae EU842423_g	t242
Bacteria	Firmicutes	Clostridia	Clostridiales	Lachnospiraceae	Eubacterium_g17	Bacteria Firmicutes Clostridia Clostridiales Lachnospiraceae Eubacterium_g17	t243
Bacteria	Firmicutes	Clostridia	Clostridiales	Lachnospiraceae	Eubacterium_g20	Bacteria Firmicutes Clostridia Clostridiales Lachnospiraceae Eubacterium_g20	t244
Bacteria	Firmicutes	Clostridia	Clostridiales	Lachnospiraceae	Eubacterium_g21	Bacteria Firmicutes Clostridia Clostridiales Lachnospiraceae Eubacterium_g21	t245
Bacteria	Firmicutes	Clostridia	Clostridiales	Lachnospiraceae	Eubacterium_g4	Bacteria Firmicutes Clostridia Clostridiales Lachnospiraceae Eubacterium_g4	t246
Bacteria	Firmicutes	Clostridia	Clostridiales	Lachnospiraceae	Eubacterium_g5	Bacteria Firmicutes Clostridia Clostridiales Lachnospiraceae Eubacterium_g5	t247
Bacteria	Firmicutes	Clostridia	Clostridiales	Lachnospiraceae	Eubacterium_g7	Bacteria Firmicutes Clostridia Clostridiales Lachnospiraceae Eubacterium_g7	t248
Bacteria	Firmicutes	Clostridia	Clostridiales	Lachnospiraceae	FJ202371_g	Bacteria Firmicutes Clostridia Clostridiales Lachnospiraceae FJ202371_g	t249
Bacteria	Firmicutes	Clostridia	Clostridiales	Lachnospiraceae	FJ705147_g	Bacteria Firmicutes Clostridia Clostridiales Lachnospiraceae FJ705147_g	t250
Bacteria	Firmicutes	Clostridia	Clostridiales	Lachnospiraceae	FJ881160_g	Bacteria Firmicutes Clostridia Clostridiales Lachnospiraceae FJ881160_g	t251
Bacteria	Firmicutes	Clostridia	Clostridiales	Lachnospiraceae	Fusicatenibacter	Bacteria Firmicutes Clostridia Clostridiales Lachnospiraceae Fusicatenibacter	t252
Bacteria	Firmicutes	Clostridia	Clostridiales	Lachnospiraceae	GQ159254_g	Bacteria Firmicutes Clostridia Clostridiales Lachnospiraceae GQ159254_g	t253
Bacteria	Firmicutes	Clostridia	Clostridiales	Lachnospiraceae	GQ896909_g	Bacteria Firmicutes Clostridia Clostridiales Lachnospiraceae GQ896909_g	t254
Bacteria	Firmicutes	Clostridia	Clostridiales	Lachnospiraceae	GU324367_g	Bacteria Firmicutes Clostridia Clostridiales Lachnospiraceae GU324367_g	t255
Bacteria	Firmicutes	Clostridia	Clostridiales	Lachnospiraceae	GU324393_g	Bacteria Firmicutes Clostridia Clostridiales Lachnospiraceae GU324393_g	t256
Bacteria	Firmicutes	Clostridia	Clostridiales	Lachnospiraceae	HM123979_g	Bacteria Firmicutes Clostridia Clostridiales Lachnospiraceae HM123979_g	t257
Bacteria	Firmicutes	Clostridia	Clostridiales	Lachnospiraceae	Howardella	Bacteria Firmicutes Clostridia Clostridiales Lachnospiraceae Howardella	t258
Bacteria	Firmicutes	Clostridia	Clostridiales	Lachnospiraceae	Hungatella	Bacteria Firmicutes Clostridia Clostridiales Lachnospiraceae Hungatella	t259
Bacteria	Firmicutes	Clostridia	Clostridiales	Lachnospiraceae	JPZU_g	Bacteria Firmicutes Clostridia Clostridiales Lachnospiraceae JPZU_g	t260
Bacteria	Firmicutes	Clostridia	Clostridiales	Lachnospiraceae	KE159538_g	Bacteria Firmicutes Clostridia Clostridiales Lachnospiraceae KE159538_g	t261
Bacteria	Firmicutes	Clostridia	Clostridiales	Lachnospiraceae	Lachnoanaerobaculum	Bacteria Firmicutes Clostridia Clostridiales Lachnospiraceae Lachnoanaerobaculum	t262
Bacteria	Firmicutes	Clostridia	Clostridiales	Lachnospiraceae	Lachnobacterium	Bacteria Firmicutes Clostridia Clostridiales Lachnospiraceae Lachnobacterium	t263
Bacteria	Firmicutes	Clostridia	Clostridiales	Lachnospiraceae	Lachnospira	Bacteria Firmicutes Clostridia Clostridiales Lachnospiraceae Lachnospira	t264
Bacteria	Firmicutes	Clostridia	Clostridiales	Lachnospiraceae	LLKB_g	Bacteria Firmicutes Clostridia Clostridiales Lachnospiraceae LLKB_g	t265
Bacteria	Firmicutes	Clostridia	Clostridiales	Lachnospiraceae	Marvinbryantia	Bacteria Firmicutes Clostridia Clostridiales Lachnospiraceae Marvinbryantia	t266
Bacteria	Firmicutes	Clostridia	Clostridiales	Lachnospiraceae	Moryella	Bacteria Firmicutes Clostridia Clostridiales Lachnospiraceae Moryella	t267
Bacteria	Firmicutes	Clostridia	Clostridiales	Lachnospiraceae	Murimonas	Bacteria Firmicutes Clostridia Clostridiales Lachnospiraceae Murimonas	t268
Bacteria	Firmicutes	Clostridia	Clostridiales	Lachnospiraceae		Bacteria Firmicutes Clostridia Clostridiales Lachnospiraceae NA	t269
Bacteria	Firmicutes	Clostridia	Clostridiales	Lachnospiraceae	Oribacterium	Bacteria Firmicutes Clostridia Clostridiales Lachnospiraceae Oribacterium	t270
Bacteria	Firmicutes	Clostridia	Clostridiales	Lachnospiraceae	Roseburia	Bacteria Firmicutes Clostridia Clostridiales Lachnospiraceae Roseburia	t271
Bacteria	Firmicutes	Clostridia	Clostridiales	Lachnospiraceae	Ruminococcus_g4	Bacteria Firmicutes Clostridia Clostridiales Lachnospiraceae Ruminococcus_g4	t272
Bacteria	Firmicutes	Clostridia	Clostridiales	Lachnospiraceae	Sellimonas	Bacteria Firmicutes Clostridia Clostridiales Lachnospiraceae Sellimonas	t273
Bacteria	Firmicutes	Clostridia	Clostridiales	Lachnospiraceae	Shuttleworthia	Bacteria Firmicutes Clostridia Clostridiales Lachnospiraceae Shuttleworthia	t274
Bacteria	Firmicutes	Clostridia	Clostridiales	Lachnospiraceae	Syntrophococcus	Bacteria Firmicutes Clostridia Clostridiales Lachnospiraceae Syntrophococcus	t275
Bacteria	Firmicutes	Clostridia	Clostridiales	Mogibacterium_f	AF371685_g	Bacteria Firmicutes Clostridia Clostridiales Mogibacterium_f AF371685_g	t276
Bacteria	Firmicutes	Clostridia	Clostridiales	Mogibacterium_f	AF481212_g	Bacteria Firmicutes Clostridia Clostridiales Mogibacterium_f AF481212_g	t277
Bacteria	Firmicutes	Clostridia	Clostridiales	Mogibacterium_f	AM500802_g	Bacteria Firmicutes Clostridia Clostridiales Mogibacterium_f AM500802_g	t278
Bacteria	Firmicutes	Clostridia	Clostridiales	Mogibacterium_f	Aminicella	Bacteria Firmicutes Clostridia Clostridiales Mogibacterium_f Aminicella	t279
Bacteria	Firmicutes	Clostridia	Clostridiales	Mogibacterium_f	EF604613_g	Bacteria Firmicutes Clostridia Clostridiales Mogibacterium_f EF604613_g	t280
Bacteria	Firmicutes	Clostridia	Clostridiales	Mogibacterium_f	EU381776_g	Bacteria Firmicutes Clostridia Clostridiales Mogibacterium_f EU381776_g	t281
Bacteria	Firmicutes	Clostridia	Clostridiales	Mogibacterium_f	EU842499_g	Bacteria Firmicutes Clostridia Clostridiales Mogibacterium_f EU842499_g	t282
Bacteria	Firmicutes	Clostridia	Clostridiales	Mogibacterium_f	EU844456_g	Bacteria Firmicutes Clostridia Clostridiales Mogibacterium_f EU844456_g	t283
Bacteria	Firmicutes	Clostridia	Clostridiales	Mogibacterium_f	Eubacterium_g10	Bacteria Firmicutes Clostridia Clostridiales Mogibacterium_f Eubacterium_g10	t284
Bacteria	Firmicutes	Clostridia	Clostridiales	Mogibacterium_f	Eubacterium_g11	Bacteria Firmicutes Clostridia Clostridiales Mogibacterium_f Eubacterium_g11	t285
Bacteria	Firmicutes	Clostridia	Clostridiales	Mogibacterium_f	Eubacterium_g14	Bacteria Firmicutes Clostridia Clostridiales Mogibacterium_f Eubacterium_g14	t286
Bacteria	Firmicutes	Clostridia	Clostridiales	Mogibacterium_f	FJ982993_g	Bacteria Firmicutes Clostridia Clostridiales Mogibacterium_f FJ982993_g	t287
Bacteria	Firmicutes	Clostridia	Clostridiales	Mogibacterium_f	JRNA_g	Bacteria Firmicutes Clostridia Clostridiales Mogibacterium_f JRNA_g	t288
Bacteria	Firmicutes	Clostridia	Clostridiales	Mogibacterium_f	Mogibacterium	Bacteria Firmicutes Clostridia Clostridiales Mogibacterium_f Mogibacterium	t289
Bacteria	Firmicutes	Clostridia	Clostridiales	Mogibacterium_f		Bacteria Firmicutes Clostridia Clostridiales Mogibacterium_f NA	t290
Bacteria	Firmicutes	Clostridia	Clostridiales			Bacteria Firmicutes Clostridia Clostridiales NA NA	t291
Bacteria	Firmicutes	Clostridia	Clostridiales	Peptococcaceae	EF401875_g	Bacteria Firmicutes Clostridia Clostridiales Peptococcaceae EF401875_g	t292
Bacteria	Firmicutes	Clostridia	Clostridiales	Peptococcaceae	EU457152_g	Bacteria Firmicutes Clostridia Clostridiales Peptococcaceae EU457152_g	t293
Bacteria	Firmicutes	Clostridia	Clostridiales	Peptococcaceae	EU622770_g	Bacteria Firmicutes Clostridia Clostridiales Peptococcaceae EU622770_g	t294
Bacteria	Firmicutes	Clostridia	Clostridiales	Peptococcaceae	FJ512259_g	Bacteria Firmicutes Clostridia Clostridiales Peptococcaceae FJ512259_g	t295
Bacteria	Firmicutes	Clostridia	Clostridiales	Peptococcaceae	GQ422727_g	Bacteria Firmicutes Clostridia Clostridiales Peptococcaceae GQ422727_g	t296
Bacteria	Firmicutes	Clostridia	Clostridiales	Peptococcaceae	Peptococcus	Bacteria Firmicutes Clostridia Clostridiales Peptococcaceae Peptococcus	t297
Bacteria	Firmicutes	Clostridia	Clostridiales	Peptostreptococcaceae	Asaccharospora	Bacteria Firmicutes Clostridia Clostridiales Peptostreptococcaceae Asaccharospora	t298
Bacteria	Firmicutes	Clostridia	Clostridiales	Peptostreptococcaceae	Clostridium_g4	Bacteria Firmicutes Clostridia Clostridiales Peptostreptococcaceae Clostridium_g4	t299
Bacteria	Firmicutes	Clostridia	Clostridiales	Peptostreptococcaceae	Eubacterium_g15	Bacteria Firmicutes Clostridia Clostridiales Peptostreptococcaceae Eubacterium_g15	t300
Bacteria	Firmicutes	Clostridia	Clostridiales	Peptostreptococcaceae	Filifactor	Bacteria Firmicutes Clostridia Clostridiales Peptostreptococcaceae Filifactor	t301
Bacteria	Firmicutes	Clostridia	Clostridiales	Peptostreptococcaceae	Intestinibacter	Bacteria Firmicutes Clostridia Clostridiales Peptostreptococcaceae Intestinibacter	t302
Bacteria	Firmicutes	Clostridia	Clostridiales	Peptostreptococcaceae		Bacteria Firmicutes Clostridia Clostridiales Peptostreptococcaceae NA	t303
Bacteria	Firmicutes	Clostridia	Clostridiales	Peptostreptococcaceae	Paeniclostridium	Bacteria Firmicutes Clostridia Clostridiales Peptostreptococcaceae Paeniclostridium	t304
Bacteria	Firmicutes	Clostridia	Clostridiales	Peptostreptococcaceae	Peptostreptococcus	Bacteria Firmicutes Clostridia Clostridiales Peptostreptococcaceae Peptostreptococcus	t305
Bacteria	Firmicutes	Clostridia	Clostridiales	Peptostreptococcaceae	Romboutsia	Bacteria Firmicutes Clostridia Clostridiales Peptostreptococcaceae Romboutsia	t306
Bacteria	Firmicutes	Clostridia	Clostridiales	Peptostreptococcaceae	Terrisporobacter	Bacteria Firmicutes Clostridia Clostridiales Peptostreptococcaceae Terrisporobacter	t307
Bacteria	Firmicutes	Clostridia	Clostridiales	Ruminococcaceae	AB009176_g	Bacteria Firmicutes Clostridia Clostridiales Ruminococcaceae AB009176_g	t308
Bacteria	Firmicutes	Clostridia	Clostridiales	Ruminococcaceae	AB185816_g	Bacteria Firmicutes Clostridia Clostridiales Ruminococcaceae AB185816_g	t309
Bacteria	Firmicutes	Clostridia	Clostridiales	Ruminococcaceae	AB506348_g	Bacteria Firmicutes Clostridia Clostridiales Ruminococcaceae AB506348_g	t310
Bacteria	Firmicutes	Clostridia	Clostridiales	Ruminococcaceae	AF018558_g	Bacteria Firmicutes Clostridia Clostridiales Ruminococcaceae AF018558_g	t311
Bacteria	Firmicutes	Clostridia	Clostridiales	Ruminococcaceae	Anaerofilum	Bacteria Firmicutes Clostridia Clostridiales Ruminococcaceae Anaerofilum	t312
Bacteria	Firmicutes	Clostridia	Clostridiales	Ruminococcaceae	AY858456_g	Bacteria Firmicutes Clostridia Clostridiales Ruminococcaceae AY858456_g	t313
Bacteria	Firmicutes	Clostridia	Clostridiales	Ruminococcaceae	Butyricicoccus	Bacteria Firmicutes Clostridia Clostridiales Ruminococcaceae Butyricicoccus	t314
Bacteria	Firmicutes	Clostridia	Clostridiales	Ruminococcaceae	Caproiciproducens	Bacteria Firmicutes Clostridia Clostridiales Ruminococcaceae Caproiciproducens	t315
Bacteria	Firmicutes	Clostridia	Clostridiales	Ruminococcaceae	EF400272_g	Bacteria Firmicutes Clostridia Clostridiales Ruminococcaceae EF400272_g	t316
Bacteria	Firmicutes	Clostridia	Clostridiales	Ruminococcaceae	EF559154_g	Bacteria Firmicutes Clostridia Clostridiales Ruminococcaceae EF559154_g	t317
Bacteria	Firmicutes	Clostridia	Clostridiales	Ruminococcaceae	EF602946_g	Bacteria Firmicutes Clostridia Clostridiales Ruminococcaceae EF602946_g	t318
Bacteria	Firmicutes	Clostridia	Clostridiales	Ruminococcaceae	EU791177_g	Bacteria Firmicutes Clostridia Clostridiales Ruminococcaceae EU791177_g	t319
Bacteria	Firmicutes	Clostridia	Clostridiales	Ruminococcaceae	EU794292_g	Bacteria Firmicutes Clostridia Clostridiales Ruminococcaceae EU794292_g	t320
Bacteria	Firmicutes	Clostridia	Clostridiales	Ruminococcaceae	EU842424_g	Bacteria Firmicutes Clostridia Clostridiales Ruminococcaceae EU842424_g	t321
Bacteria	Firmicutes	Clostridia	Clostridiales	Ruminococcaceae	EU844075_g	Bacteria Firmicutes Clostridia Clostridiales Ruminococcaceae EU844075_g	t322
Bacteria	Firmicutes	Clostridia	Clostridiales	Ruminococcaceae	Eubacterium_g23	Bacteria Firmicutes Clostridia Clostridiales Ruminococcaceae Eubacterium_g23	t323
Bacteria	Firmicutes	Clostridia	Clostridiales	Ruminococcaceae	Eubacterium_g8	Bacteria Firmicutes Clostridia Clostridiales Ruminococcaceae Eubacterium_g8	t324
Bacteria	Firmicutes	Clostridia	Clostridiales	Ruminococcaceae	Faecalibacterium	Bacteria Firmicutes Clostridia Clostridiales Ruminococcaceae Faecalibacterium	t325
Bacteria	Firmicutes	Clostridia	Clostridiales	Ruminococcaceae	Fastidiosipila	Bacteria Firmicutes Clostridia Clostridiales Ruminococcaceae Fastidiosipila	t326
Bacteria	Firmicutes	Clostridia	Clostridiales	Ruminococcaceae	FJ674513_g	Bacteria Firmicutes Clostridia Clostridiales Ruminococcaceae FJ674513_g	t327
Bacteria	Firmicutes	Clostridia	Clostridiales	Ruminococcaceae	FJ951890_g	Bacteria Firmicutes Clostridia Clostridiales Ruminococcaceae FJ951890_g	t328
Bacteria	Firmicutes	Clostridia	Clostridiales	Ruminococcaceae	GQ175418_g	Bacteria Firmicutes Clostridia Clostridiales Ruminococcaceae GQ175418_g	t329
Bacteria	Firmicutes	Clostridia	Clostridiales	Ruminococcaceae	GQ896819_g	Bacteria Firmicutes Clostridia Clostridiales Ruminococcaceae GQ896819_g	t330
Bacteria	Firmicutes	Clostridia	Clostridiales	Ruminococcaceae	HM124225_g	Bacteria Firmicutes Clostridia Clostridiales Ruminococcaceae HM124225_g	t331
Bacteria	Firmicutes	Clostridia	Clostridiales	Ruminococcaceae	Hydrogenoanaerobacterium	Bacteria Firmicutes Clostridia Clostridiales Ruminococcaceae Hydrogenoanaerobacterium	t332
Bacteria	Firmicutes	Clostridia	Clostridiales	Ruminococcaceae	JN713389_g	Bacteria Firmicutes Clostridia Clostridiales Ruminococcaceae JN713389_g	t333
Bacteria	Firmicutes	Clostridia	Clostridiales	Ruminococcaceae	JX198636_g	Bacteria Firmicutes Clostridia Clostridiales Ruminococcaceae JX198636_g	t334
Bacteria	Firmicutes	Clostridia	Clostridiales	Ruminococcaceae	KQ959578_g	Bacteria Firmicutes Clostridia Clostridiales Ruminococcaceae KQ959578_g	t335
Bacteria	Firmicutes	Clostridia	Clostridiales	Ruminococcaceae	Mageeibacillus	Bacteria Firmicutes Clostridia Clostridiales Ruminococcaceae Mageeibacillus	t336
Bacteria	Firmicutes	Clostridia	Clostridiales	Ruminococcaceae		Bacteria Firmicutes Clostridia Clostridiales Ruminococcaceae NA	t337
Bacteria	Firmicutes	Clostridia	Clostridiales	Ruminococcaceae	Oscillibacter	Bacteria Firmicutes Clostridia Clostridiales Ruminococcaceae Oscillibacter	t338
Bacteria	Firmicutes	Clostridia	Clostridiales	Ruminococcaceae	Pseudoflavonifractor	Bacteria Firmicutes Clostridia Clostridiales Ruminococcaceae Pseudoflavonifractor	t339
Bacteria	Firmicutes	Clostridia	Clostridiales	Ruminococcaceae	Ruminococcus	Bacteria Firmicutes Clostridia Clostridiales Ruminococcaceae Ruminococcus	t340
Bacteria	Firmicutes	Clostridia	Clostridiales	Ruminococcaceae	Ruminococcus_g2	Bacteria Firmicutes Clostridia Clostridiales Ruminococcaceae Ruminococcus_g2	t341
Bacteria	Firmicutes	Clostridia	Clostridiales	Ruminococcaceae	Sporobacter	Bacteria Firmicutes Clostridia Clostridiales Ruminococcaceae Sporobacter	t342
Bacteria	Firmicutes	Clostridia	Clostridiales	Ruminococcaceae	Subdoligranulum	Bacteria Firmicutes Clostridia Clostridiales Ruminococcaceae Subdoligranulum	t343
Bacteria	Firmicutes	Clostridia				Bacteria Firmicutes Clostridia NA NA NA	t344
Bacteria	Firmicutes	Erysipelotrichi	Erysipelotrichales	Erysipelotrichaceae	AM982586_g	Bacteria Firmicutes Erysipelotrichi Erysipelotrichales Erysipelotrichaceae AM982586_g	t345
Bacteria	Firmicutes	Erysipelotrichi	Erysipelotrichales	Erysipelotrichaceae	Bulleidia	Bacteria Firmicutes Erysipelotrichi Erysipelotrichales Erysipelotrichaceae Bulleidia	t346
Bacteria	Firmicutes	Erysipelotrichi	Erysipelotrichales	Erysipelotrichaceae	Catenibacterium	Bacteria Firmicutes Erysipelotrichi Erysipelotrichales Erysipelotrichaceae Catenibacterium	t347
Bacteria	Firmicutes	Erysipelotrichi	Erysipelotrichales	Erysipelotrichaceae	Catenisphaera	Bacteria Firmicutes Erysipelotrichi Erysipelotrichales Erysipelotrichaceae Catenisphaera	t348
Bacteria	Firmicutes	Erysipelotrichi	Erysipelotrichales	Erysipelotrichaceae	CCMM_g	Bacteria Firmicutes Erysipelotrichi Erysipelotrichales Erysipelotrichaceae CCMM_g	t349
Bacteria	Firmicutes	Erysipelotrichi	Erysipelotrichales	Erysipelotrichaceae	Clostridium_g6	Bacteria Firmicutes Erysipelotrichi Erysipelotrichales Erysipelotrichaceae Clostridium_g6	t350
Bacteria	Firmicutes	Erysipelotrichi	Erysipelotrichales	Erysipelotrichaceae	Coprobacillus	Bacteria Firmicutes Erysipelotrichi Erysipelotrichales Erysipelotrichaceae Coprobacillus	t351
Bacteria	Firmicutes	Erysipelotrichi	Erysipelotrichales	Erysipelotrichaceae	Eggerthia	Bacteria Firmicutes Erysipelotrichi Erysipelotrichales Erysipelotrichaceae Eggerthia	t352
Bacteria	Firmicutes	Erysipelotrichi	Erysipelotrichales	Erysipelotrichaceae	Eubacterium_g1	Bacteria Firmicutes Erysipelotrichi Erysipelotrichales Erysipelotrichaceae Eubacterium_g1	t353
Bacteria	Firmicutes	Erysipelotrichi	Erysipelotrichales	Erysipelotrichaceae	Faecalitalea	Bacteria Firmicutes Erysipelotrichi Erysipelotrichales Erysipelotrichaceae Faecalitalea	t354
Bacteria	Firmicutes	Erysipelotrichi	Erysipelotrichales	Erysipelotrichaceae	Holdemanella	Bacteria Firmicutes Erysipelotrichi Erysipelotrichales Erysipelotrichaceae Holdemanella	t355
Bacteria	Firmicutes	Erysipelotrichi	Erysipelotrichales	Erysipelotrichaceae	HQ452860_g	Bacteria Firmicutes Erysipelotrichi Erysipelotrichales Erysipelotrichaceae HQ452860_g	t356
Bacteria	Firmicutes	Erysipelotrichi	Erysipelotrichales	Erysipelotrichaceae		Bacteria Firmicutes Erysipelotrichi Erysipelotrichales Erysipelotrichaceae NA	t357
Bacteria	Firmicutes	Erysipelotrichi	Erysipelotrichales	Erysipelotrichaceae	Turicibacter	Bacteria Firmicutes Erysipelotrichi Erysipelotrichales Erysipelotrichaceae Turicibacter	t358
Bacteria	Firmicutes					Bacteria Firmicutes NA NA NA NA	t359
Bacteria	Firmicutes	Negativicutes	Acidaminococcales	Acidaminococcaceae	Acidaminococcus	Bacteria Firmicutes Negativicutes Acidaminococcales Acidaminococcaceae Acidaminococcus	t360
Bacteria	Firmicutes	Negativicutes	Acidaminococcales	Acidaminococcaceae	Phascolarctobacterium	Bacteria Firmicutes Negativicutes Acidaminococcales Acidaminococcaceae Phascolarctobacterium	t361
Bacteria	Firmicutes	Negativicutes	Acidaminococcales	Acidaminococcaceae	Succiniclasticum	Bacteria Firmicutes Negativicutes Acidaminococcales Acidaminococcaceae Succiniclasticum	t362
Bacteria	Firmicutes	Negativicutes				Bacteria Firmicutes Negativicutes NA NA NA	t363
Bacteria	Firmicutes	Negativicutes	Selenomonadales			Bacteria Firmicutes Negativicutes Selenomonadales NA NA	t364
Bacteria	Firmicutes	Negativicutes	Selenomonadales	Selenomonadaceae	Megamonas	Bacteria Firmicutes Negativicutes Selenomonadales Selenomonadaceae Megamonas	t365
Bacteria	Firmicutes	Negativicutes	Selenomonadales	Selenomonadaceae	Mitsuokella	Bacteria Firmicutes Negativicutes Selenomonadales Selenomonadaceae Mitsuokella	t366
Bacteria	Firmicutes	Negativicutes	Selenomonadales	Selenomonadaceae	Schwartzia	Bacteria Firmicutes Negativicutes Selenomonadales Selenomonadaceae Schwartzia	t367
Bacteria	Firmicutes	Negativicutes	Selenomonadales	Selenomonadaceae	Selenomonas	Bacteria Firmicutes Negativicutes Selenomonadales Selenomonadaceae Selenomonas	t368
Bacteria	Firmicutes	Negativicutes	Selenomonadales	Sporomusaceae		Bacteria Firmicutes Negativicutes Selenomonadales Sporomusaceae NA	t369
Bacteria	Firmicutes	Negativicutes	Selenomonadales	Sporomusaceae	Thermosinus	Bacteria Firmicutes Negativicutes Selenomonadales Sporomusaceae Thermosinus	t370
Bacteria	Firmicutes	Negativicutes	Veillonellales	Veillonellaceae	Dialister	Bacteria Firmicutes Negativicutes Veillonellales Veillonellaceae Dialister	t371
Bacteria	Firmicutes	Negativicutes	Veillonellales	Veillonellaceae	Megasphaera	Bacteria Firmicutes Negativicutes Veillonellales Veillonellaceae Megasphaera	t372
Bacteria	Firmicutes	Negativicutes	Veillonellales	Veillonellaceae		Bacteria Firmicutes Negativicutes Veillonellales Veillonellaceae NA	t373
Bacteria	Firmicutes	Negativicutes	Veillonellales	Veillonellaceae	Negativicoccus	Bacteria Firmicutes Negativicutes Veillonellales Veillonellaceae Negativicoccus	t374
Bacteria	Firmicutes	Negativicutes	Veillonellales	Veillonellaceae	Veillonella	Bacteria Firmicutes Negativicutes Veillonellales Veillonellaceae Veillonella	t375
Bacteria	Firmicutes	Tissierellia	Tissierellales	Peptoniphilaceae	Anaerococcus	Bacteria Firmicutes Tissierellia Tissierellales Peptoniphilaceae Anaerococcus	t376
Bacteria	Firmicutes	Tissierellia	Tissierellales	Peptoniphilaceae	CYUJ_g	Bacteria Firmicutes Tissierellia Tissierellales Peptoniphilaceae CYUJ_g	t377
Bacteria	Firmicutes	Tissierellia	Tissierellales	Peptoniphilaceae	CYUO_g	Bacteria Firmicutes Tissierellia Tissierellales Peptoniphilaceae CYUO_g	t378
Bacteria	Firmicutes	Tissierellia	Tissierellales	Peptoniphilaceae	EU289122_g	Bacteria Firmicutes Tissierellia Tissierellales Peptoniphilaceae EU289122_g	t379
Bacteria	Firmicutes	Tissierellia	Tissierellales	Peptoniphilaceae	EU842984_g	Bacteria Firmicutes Tissierellia Tissierellales Peptoniphilaceae EU842984_g	t380
Bacteria	Firmicutes	Tissierellia	Tissierellales	Peptoniphilaceae	Ezakiella	Bacteria Firmicutes Tissierellia Tissierellales Peptoniphilaceae Ezakiella	t381
Bacteria	Firmicutes	Tissierellia	Tissierellales	Peptoniphilaceae	Fenollaria	Bacteria Firmicutes Tissierellia Tissierellales Peptoniphilaceae Fenollaria	t382
Bacteria	Firmicutes	Tissierellia	Tissierellales	Peptoniphilaceae	Finegoldia	Bacteria Firmicutes Tissierellia Tissierellales Peptoniphilaceae Finegoldia	t383
Bacteria	Firmicutes	Tissierellia	Tissierellales	Peptoniphilaceae	Helcococcus	Bacteria Firmicutes Tissierellia Tissierellales Peptoniphilaceae Helcococcus	t384
Bacteria	Firmicutes	Tissierellia	Tissierellales	Peptoniphilaceae	JN713501_g	Bacteria Firmicutes Tissierellia Tissierellales Peptoniphilaceae JN713501_g	t385
Bacteria	Firmicutes	Tissierellia	Tissierellales	Peptoniphilaceae	Kallipyga	Bacteria Firmicutes Tissierellia Tissierellales Peptoniphilaceae Kallipyga	t386
Bacteria	Firmicutes	Tissierellia	Tissierellales	Peptoniphilaceae	KI259813_g	Bacteria Firmicutes Tissierellia Tissierellales Peptoniphilaceae KI259813_g	t387
Bacteria	Firmicutes	Tissierellia	Tissierellales	Peptoniphilaceae	Murdochiella	Bacteria Firmicutes Tissierellia Tissierellales Peptoniphilaceae Murdochiella	t388
Bacteria	Firmicutes	Tissierellia	Tissierellales	Peptoniphilaceae		Bacteria Firmicutes Tissierellia Tissierellales Peptoniphilaceae NA	t389
Bacteria	Firmicutes	Tissierellia	Tissierellales	Peptoniphilaceae	Parvimonas	Bacteria Firmicutes Tissierellia Tissierellales Peptoniphilaceae Parvimonas	t390
Bacteria	Firmicutes	Tissierellia	Tissierellales	Peptoniphilaceae	Peptoniphilus	Bacteria Firmicutes Tissierellia Tissierellales Peptoniphilaceae Peptoniphilus	t391
Bacteria	Fusobacteria	Fusobacteria_c	Fusobacteriales	Fusobacteriaceae	Fusobacterium	Bacteria Fusobacteria Fusobacteria_c Fusobacteriales Fusobacteriaceae Fusobacterium	t392
Bacteria	Fusobacteria	Fusobacteria_c	Fusobacteriales	Fusobacteriaceae		Bacteria Fusobacteria Fusobacteria_c Fusobacteriales Fusobacteriaceae NA	t393
Bacteria	Fusobacteria	Fusobacteria_c	Fusobacteriales	Leptotrichiaceae	Leptotrichia	Bacteria Fusobacteria Fusobacteria_c Fusobacteriales Leptotrichiaceae Leptotrichia	t394
Bacteria	Fusobacteria	Fusobacteria_c	Fusobacteriales	Leptotrichiaceae	Sneathia	Bacteria Fusobacteria Fusobacteria_c Fusobacteriales Leptotrichiaceae Sneathia	t395
Bacteria	Fusobacteria	Fusobacteria_c	Fusobacteriales	Leptotrichiaceae	Streptobacillus	Bacteria Fusobacteria Fusobacteria_c Fusobacteriales Leptotrichiaceae Streptobacillus	t396
Bacteria	Hydrogenedentes_NKB19	Hydrogenedens_c	Hydrogenedens_o	Hydrogenedens_f		Bacteria Hydrogenedentes_NKB19 Hydrogenedens_c Hydrogenedens_o Hydrogenedens_f NA	t397
Bacteria	Lentisphaerae	Lentisphaeria	Victivallales	AB185535_f	AB185535_g	Bacteria Lentisphaerae Lentisphaeria Victivallales AB185535_f AB185535_g	t398
Bacteria	Lentisphaerae	Lentisphaeria	Victivallales	AB185535_f	GQ897982_g	Bacteria Lentisphaerae Lentisphaeria Victivallales AB185535_f GQ897982_g	t399
Bacteria	Lentisphaerae	Lentisphaeria	Victivallales	Victivallaceae	Victivallis	Bacteria Lentisphaerae Lentisphaeria Victivallales Victivallaceae Victivallis	t400
Bacteria						Bacteria NA NA NA NA NA	t401
Bacteria	Planctomycetes	Planctomycetia	Planctomycetales	Planctomycetaceae		Bacteria Planctomycetes Planctomycetia Planctomycetales Planctomycetaceae NA	t402
Bacteria	Proteobacteria	Alphaproteobacteria	Caulobacterales	Caulobacteraceae	Brevundimonas	Bacteria Proteobacteria Alphaproteobacteria Caulobacterales Caulobacteraceae Brevundimonas	t403
Bacteria	Proteobacteria	Alphaproteobacteria	Caulobacterales	Caulobacteraceae	PAC000095_g	Bacteria Proteobacteria Alphaproteobacteria Caulobacterales Caulobacteraceae PAC000095_g	t404
Bacteria	Proteobacteria	Alphaproteobacteria	Caulobacterales	Caulobacteraceae	Phenylobacterium	Bacteria Proteobacteria Alphaproteobacteria Caulobacterales Caulobacteraceae Phenylobacterium	t405
Bacteria	Proteobacteria	Alphaproteobacteria	Rhizobiales	Aurantimonadaceae	Aureimonas	Bacteria Proteobacteria Alphaproteobacteria Rhizobiales Aurantimonadaceae Aureimonas	t406
Bacteria	Proteobacteria	Alphaproteobacteria	Rhizobiales	Beijerinckiaceae	Roseiarcus	Bacteria Proteobacteria Alphaproteobacteria Rhizobiales Beijerinckiaceae Roseiarcus	t407
Bacteria	Proteobacteria	Alphaproteobacteria	Rhizobiales	Bradyrhizobiaceae	Variibacter	Bacteria Proteobacteria Alphaproteobacteria Rhizobiales Bradyrhizobiaceae Variibacter	t408
Bacteria	Proteobacteria	Alphaproteobacteria	Rhizobiales	Methylobacteriaceae	Methylobacterium	Bacteria Proteobacteria Alphaproteobacteria Rhizobiales Methylobacteriaceae Methylobacterium	t409
Bacteria	Proteobacteria	Alphaproteobacteria	Rhizobiales	Phreatobacter_f	Phreatobacter	Bacteria Proteobacteria Alphaproteobacteria Rhizobiales Phreatobacter_f Phreatobacter	t410
Bacteria	Proteobacteria	Alphaproteobacteria	Rhizobiales	Rhizobiaceae	Neorhizobium	Bacteria Proteobacteria Alphaproteobacteria Rhizobiales Rhizobiaceae Neorhizobium	t411
Bacteria	Proteobacteria	Alphaproteobacteria	Rhizobiales	Rhizobiaceae	Rhizobium	Bacteria Proteobacteria Alphaproteobacteria Rhizobiales Rhizobiaceae Rhizobium	t412
Bacteria	Proteobacteria	Alphaproteobacteria	Rhizobiales	Xanthobacteraceae	Ancylobacter	Bacteria Proteobacteria Alphaproteobacteria Rhizobiales Xanthobacteraceae Ancylobacter	t413
Bacteria	Proteobacteria	Alphaproteobacteria	Rhizobiales	Xanthobacteraceae	EF540453_g	Bacteria Proteobacteria Alphaproteobacteria Rhizobiales Xanthobacteraceae EF540453_g	t414
Bacteria	Proteobacteria	Alphaproteobacteria	Rhodobacterales	Hyphomonadaceae	CP012156_g	Bacteria Proteobacteria Alphaproteobacteria Rhodobacterales Hyphomonadaceae CP012156_g	t415
Bacteria	Proteobacteria	Alphaproteobacteria	Rhodobacterales	Rhodobacteraceae		Bacteria Proteobacteria Alphaproteobacteria Rhodobacterales Rhodobacteraceae NA	t416
Bacteria	Proteobacteria	Alphaproteobacteria	Rhodobacterales	Rhodobacteraceae	Paracoccus	Bacteria Proteobacteria Alphaproteobacteria Rhodobacterales Rhodobacteraceae Paracoccus	t417
Bacteria	Proteobacteria	Alphaproteobacteria	Rhodobacterales	Rhodobacteraceae	Rhodobacter	Bacteria Proteobacteria Alphaproteobacteria Rhodobacterales Rhodobacteraceae Rhodobacter	t418
Bacteria	Proteobacteria	Alphaproteobacteria	Rhodospirillales	Acetobacteraceae	Acetobacter	Bacteria Proteobacteria Alphaproteobacteria Rhodospirillales Acetobacteraceae Acetobacter	t419
Bacteria	Proteobacteria	Alphaproteobacteria	Rhodospirillales	Acetobacteraceae	EU861940_g	Bacteria Proteobacteria Alphaproteobacteria Rhodospirillales Acetobacteraceae EU861940_g	t420
Bacteria	Proteobacteria	Alphaproteobacteria	Rhodospirillales	Acetobacteraceae	FJ466439_g	Bacteria Proteobacteria Alphaproteobacteria Rhodospirillales Acetobacteraceae FJ466439_g	t421
Bacteria	Proteobacteria	Alphaproteobacteria	Rhodospirillales	Acetobacteraceae	Roseomonas	Bacteria Proteobacteria Alphaproteobacteria Rhodospirillales Acetobacteraceae Roseomonas	t422
Bacteria	Proteobacteria	Alphaproteobacteria	Rhodospirillales	Micavibrio_f	HQ218617_g	Bacteria Proteobacteria Alphaproteobacteria Rhodospirillales Micavibrio_f HQ218617_g	t423
Bacteria	Proteobacteria	Alphaproteobacteria	Rhodospirillales	Rhodospirillaceae	EU381783_g	Bacteria Proteobacteria Alphaproteobacteria Rhodospirillales Rhodospirillaceae EU381783_g	t424
Bacteria	Proteobacteria	Alphaproteobacteria	Rhodospirillales	Rhodospirillaceae	JADL_g	Bacteria Proteobacteria Alphaproteobacteria Rhodospirillales Rhodospirillaceae JADL_g	t425
Bacteria	Proteobacteria	Alphaproteobacteria	Rhodospirillales	Rhodospirillaceae	JQ191148_g	Bacteria Proteobacteria Alphaproteobacteria Rhodospirillales Rhodospirillaceae JQ191148_g	t426
Bacteria	Proteobacteria	Alphaproteobacteria	Rhodospirillales	Rhodospirillaceae	LARJ_g	Bacteria Proteobacteria Alphaproteobacteria Rhodospirillales Rhodospirillaceae LARJ_g	t427
Bacteria	Proteobacteria	Alphaproteobacteria	Rickettsiales	JN983664_f	JN983664_g	Bacteria Proteobacteria Alphaproteobacteria Rickettsiales JN983664_f JN983664_g	t428
Bacteria	Proteobacteria	Alphaproteobacteria	Sphingomonadales	Erythrobacteraceae		Bacteria Proteobacteria Alphaproteobacteria Sphingomonadales Erythrobacteraceae NA	t429
Bacteria	Proteobacteria	Alphaproteobacteria	Sphingomonadales	Sphingomonadaceae		Bacteria Proteobacteria Alphaproteobacteria Sphingomonadales Sphingomonadaceae NA	t430
Bacteria	Proteobacteria	Alphaproteobacteria	Sphingomonadales	Sphingomonadaceae	Novosphingobium	Bacteria Proteobacteria Alphaproteobacteria Sphingomonadales Sphingomonadaceae Novosphingobium	t431
Bacteria	Proteobacteria	Alphaproteobacteria	Sphingomonadales	Sphingomonadaceae	Sphingobium	Bacteria Proteobacteria Alphaproteobacteria Sphingomonadales Sphingomonadaceae Sphingobium	t432
Bacteria	Proteobacteria	Alphaproteobacteria	Sphingomonadales	Sphingomonadaceae	Sphingomonas	Bacteria Proteobacteria Alphaproteobacteria Sphingomonadales Sphingomonadaceae Sphingomonas	t433
Bacteria	Proteobacteria	Betaproteobacteria	Burkholderiales	Alcaligenaceae	Oligella	Bacteria Proteobacteria Betaproteobacteria Burkholderiales Alcaligenaceae Oligella	t434
Bacteria	Proteobacteria	Betaproteobacteria	Burkholderiales	Alcaligenaceae	Pelistega	Bacteria Proteobacteria Betaproteobacteria Burkholderiales Alcaligenaceae Pelistega	t435
Bacteria	Proteobacteria	Betaproteobacteria	Burkholderiales	Burkholderiaceae	Burkholderia	Bacteria Proteobacteria Betaproteobacteria Burkholderiales Burkholderiaceae Burkholderia	t436
Bacteria	Proteobacteria	Betaproteobacteria	Burkholderiales	Burkholderiaceae	Caballeronia	Bacteria Proteobacteria Betaproteobacteria Burkholderiales Burkholderiaceae Caballeronia	t437
Bacteria	Proteobacteria	Betaproteobacteria	Burkholderiales	Comamonadaceae	AB672287_g	Bacteria Proteobacteria Betaproteobacteria Burkholderiales Comamonadaceae AB672287_g	t438
Bacteria	Proteobacteria	Betaproteobacteria	Burkholderiales	Comamonadaceae	Aquabacterium	Bacteria Proteobacteria Betaproteobacteria Burkholderiales Comamonadaceae Aquabacterium	t439
Bacteria	Proteobacteria	Betaproteobacteria	Burkholderiales	Comamonadaceae		Bacteria Proteobacteria Betaproteobacteria Burkholderiales Comamonadaceae NA	t440
Bacteria	Proteobacteria	Betaproteobacteria	Burkholderiales	Comamonadaceae	Schlegelella	Bacteria Proteobacteria Betaproteobacteria Burkholderiales Comamonadaceae Schlegelella	t441
Bacteria	Proteobacteria	Betaproteobacteria	Burkholderiales	Comamonadaceae	Tepidimonas	Bacteria Proteobacteria Betaproteobacteria Burkholderiales Comamonadaceae Tepidimonas	t442
Bacteria	Proteobacteria	Betaproteobacteria	Burkholderiales	Lautropia_f	Lautropia	Bacteria Proteobacteria Betaproteobacteria Burkholderiales Lautropia_f Lautropia	t443
Bacteria	Proteobacteria	Betaproteobacteria	Burkholderiales			Bacteria Proteobacteria Betaproteobacteria Burkholderiales NA NA	t444
Bacteria	Proteobacteria	Betaproteobacteria	Burkholderiales	Sutterellaceae	Parasutterella	Bacteria Proteobacteria Betaproteobacteria Burkholderiales Sutterellaceae Parasutterella	t445
Bacteria	Proteobacteria	Betaproteobacteria	Burkholderiales	Sutterellaceae	Sutterella	Bacteria Proteobacteria Betaproteobacteria Burkholderiales Sutterellaceae Sutterella	t446
Bacteria	Proteobacteria	Betaproteobacteria				Bacteria Proteobacteria Betaproteobacteria NA NA NA	t447
Bacteria	Proteobacteria	Betaproteobacteria	Neisseriales	Neisseriaceae	FM873692_g	Bacteria Proteobacteria Betaproteobacteria Neisseriales Neisseriaceae FM873692_g	t448
Bacteria	Proteobacteria	Betaproteobacteria	Neisseriales	Neisseriaceae	Kingella	Bacteria Proteobacteria Betaproteobacteria Neisseriales Neisseriaceae Kingella	t449
Bacteria	Proteobacteria	Betaproteobacteria	Neisseriales	Neisseriaceae		Bacteria Proteobacteria Betaproteobacteria Neisseriales Neisseriaceae NA	t450
Bacteria	Proteobacteria	Betaproteobacteria	Neisseriales	Neisseriaceae	Neisseria	Bacteria Proteobacteria Betaproteobacteria Neisseriales Neisseriaceae Neisseria	t451
Bacteria	Proteobacteria	Deltaproteobacteria	Bdellovibrionales	Bacteriovoracaceae	Bacteriovorax	Bacteria Proteobacteria Deltaproteobacteria Bdellovibrionales Bacteriovoracaceae Bacteriovorax	t452
Bacteria	Proteobacteria	Deltaproteobacteria	Bdellovibrionales	Bdellovibrionaceae	JX537776_g	Bacteria Proteobacteria Deltaproteobacteria Bdellovibrionales Bdellovibrionaceae JX537776_g	t453
Bacteria	Proteobacteria	Deltaproteobacteria	Desulfovibrionales	Desulfovibrionaceae	Bilophila	Bacteria Proteobacteria Deltaproteobacteria Desulfovibrionales Desulfovibrionaceae Bilophila	t454
Bacteria	Proteobacteria	Deltaproteobacteria	Desulfovibrionales	Desulfovibrionaceae	Desulfovibrio	Bacteria Proteobacteria Deltaproteobacteria Desulfovibrionales Desulfovibrionaceae Desulfovibrio	t455
Bacteria	Proteobacteria	Deltaproteobacteria	Desulfovibrionales	Desulfovibrionaceae	DQ815907_g	Bacteria Proteobacteria Deltaproteobacteria Desulfovibrionales Desulfovibrionaceae DQ815907_g	t456
Bacteria	Proteobacteria	Deltaproteobacteria	Myxococcales	Anaeromyxobacteraceae	EU335298_g	Bacteria Proteobacteria Deltaproteobacteria Myxococcales Anaeromyxobacteraceae EU335298_g	t457
Bacteria	Proteobacteria	Deltaproteobacteria	Myxococcales	Haliangiaceae	HM748650_g	Bacteria Proteobacteria Deltaproteobacteria Myxococcales Haliangiaceae HM748650_g	t458
Bacteria	Proteobacteria	Epsilonproteobacteria	Campylobacterales	Campylobacteraceae	Arcobacter	Bacteria Proteobacteria Epsilonproteobacteria Campylobacterales Campylobacteraceae Arcobacter	t459
Bacteria	Proteobacteria	Epsilonproteobacteria	Campylobacterales	Campylobacteraceae	Campylobacter	Bacteria Proteobacteria Epsilonproteobacteria Campylobacterales Campylobacteraceae Campylobacter	t460
Bacteria	Proteobacteria	Gammaproteobacteria	Aeromonadales	Succinivibrionaceae	Succinivibrio	Bacteria Proteobacteria Gammaproteobacteria Aeromonadales Succinivibrionaceae Succinivibrio	t461
Bacteria	Proteobacteria	Gammaproteobacteria	Alteromonadales	Alishewanella_f	Alishewanella	Bacteria Proteobacteria Gammaproteobacteria Alteromonadales Alishewanella_f Alishewanella	t462
Bacteria	Proteobacteria	Gammaproteobacteria	Alteromonadales	Alishewanella_f	Rheinheimera	Bacteria Proteobacteria Gammaproteobacteria Alteromonadales Alishewanella_f Rheinheimera	t463
Bacteria	Proteobacteria	Gammaproteobacteria	Alteromonadales	Pseudoalteromonadaceae	Pseudoalteromonas	Bacteria Proteobacteria Gammaproteobacteria Alteromonadales Pseudoalteromonadaceae Pseudoalteromonas	t464
Bacteria	Proteobacteria	Gammaproteobacteria	Alteromonadales	Psychromonadaceae	Psychromonas	Bacteria Proteobacteria Gammaproteobacteria Alteromonadales Psychromonadaceae Psychromonas	t465
Bacteria	Proteobacteria	Gammaproteobacteria	Alteromonadales	Shewanellaceae	Shewanella	Bacteria Proteobacteria Gammaproteobacteria Alteromonadales Shewanellaceae Shewanella	t466
Bacteria	Proteobacteria	Gammaproteobacteria	Cardiobacteriales	Cardiobacteriaceae	Cardiobacterium	Bacteria Proteobacteria Gammaproteobacteria Cardiobacteriales Cardiobacteriaceae Cardiobacterium	t467
Bacteria	Proteobacteria	Gammaproteobacteria	Enterobacteriales	Enterobacteriaceae	Buchnera	Bacteria Proteobacteria Gammaproteobacteria Enterobacteriales Enterobacteriaceae Buchnera	t468
Bacteria	Proteobacteria	Gammaproteobacteria	Enterobacteriales	Enterobacteriaceae	Citrobacter	Bacteria Proteobacteria Gammaproteobacteria Enterobacteriales Enterobacteriaceae Citrobacter	t469
Bacteria	Proteobacteria	Gammaproteobacteria	Enterobacteriales	Enterobacteriaceae	Enterobacter	Bacteria Proteobacteria Gammaproteobacteria Enterobacteriales Enterobacteriaceae Enterobacter	t470
Bacteria	Proteobacteria	Gammaproteobacteria	Enterobacteriales	Enterobacteriaceae	Escherichia	Bacteria Proteobacteria Gammaproteobacteria Enterobacteriales Enterobacteriaceae Escherichia	t471
Bacteria	Proteobacteria	Gammaproteobacteria	Enterobacteriales	Enterobacteriaceae	Klebsiella	Bacteria Proteobacteria Gammaproteobacteria Enterobacteriales Enterobacteriaceae Klebsiella	t472
Bacteria	Proteobacteria	Gammaproteobacteria	Enterobacteriales	Enterobacteriaceae	Morganella	Bacteria Proteobacteria Gammaproteobacteria Enterobacteriales Enterobacteriaceae Morganella	t473
Bacteria	Proteobacteria	Gammaproteobacteria	Enterobacteriales	Enterobacteriaceae		Bacteria Proteobacteria Gammaproteobacteria Enterobacteriales Enterobacteriaceae NA	t474
Bacteria	Proteobacteria	Gammaproteobacteria	Enterobacteriales	Enterobacteriaceae	Pantoea	Bacteria Proteobacteria Gammaproteobacteria Enterobacteriales Enterobacteriaceae Pantoea	t475
Bacteria	Proteobacteria	Gammaproteobacteria	Enterobacteriales	Enterobacteriaceae	Proteus	Bacteria Proteobacteria Gammaproteobacteria Enterobacteriales Enterobacteriaceae Proteus	t476
Bacteria	Proteobacteria	Gammaproteobacteria	Enterobacteriales	Enterobacteriaceae	Rahnella	Bacteria Proteobacteria Gammaproteobacteria Enterobacteriales Enterobacteriaceae Rahnella	t477
Bacteria	Proteobacteria	Gammaproteobacteria	Legionellales	Coxiellaceae		Bacteria Proteobacteria Gammaproteobacteria Legionellales Coxiellaceae NA	t478
Bacteria	Proteobacteria	Gammaproteobacteria	Legionellales	Coxiellaceae	Rickettsiella	Bacteria Proteobacteria Gammaproteobacteria Legionellales Coxiellaceae Rickettsiella	t479
Bacteria	Proteobacteria	Gammaproteobacteria	Legionellales	Legionellaceae	Legionella	Bacteria Proteobacteria Gammaproteobacteria Legionellales Legionellaceae Legionella	t480
Bacteria	Proteobacteria	Gammaproteobacteria	Legionellales			Bacteria Proteobacteria Gammaproteobacteria Legionellales NA NA	t481
Bacteria	Proteobacteria	Gammaproteobacteria	Oceanospirillales	Halomonadaceae	Halomonas	Bacteria Proteobacteria Gammaproteobacteria Oceanospirillales Halomonadaceae Halomonas	t482
Bacteria	Proteobacteria	Gammaproteobacteria	Oceanospirillales	Oceanospirillaceae	Marinomonas	Bacteria Proteobacteria Gammaproteobacteria Oceanospirillales Oceanospirillaceae Marinomonas	t483
Bacteria	Proteobacteria	Gammaproteobacteria	Pasteurellales	Pasteurellaceae	Actinobacillus	Bacteria Proteobacteria Gammaproteobacteria Pasteurellales Pasteurellaceae Actinobacillus	t484
Bacteria	Proteobacteria	Gammaproteobacteria	Pasteurellales	Pasteurellaceae	Aggregatibacter	Bacteria Proteobacteria Gammaproteobacteria Pasteurellales Pasteurellaceae Aggregatibacter	t485
Bacteria	Proteobacteria	Gammaproteobacteria	Pasteurellales	Pasteurellaceae	Frederiksenia	Bacteria Proteobacteria Gammaproteobacteria Pasteurellales Pasteurellaceae Frederiksenia	t486
Bacteria	Proteobacteria	Gammaproteobacteria	Pasteurellales	Pasteurellaceae	Haemophilus	Bacteria Proteobacteria Gammaproteobacteria Pasteurellales Pasteurellaceae Haemophilus	t487
Bacteria	Proteobacteria	Gammaproteobacteria	Pasteurellales	Pasteurellaceae	Mannheimia	Bacteria Proteobacteria Gammaproteobacteria Pasteurellales Pasteurellaceae Mannheimia	t488
Bacteria	Proteobacteria	Gammaproteobacteria	Pasteurellales	Pasteurellaceae		Bacteria Proteobacteria Gammaproteobacteria Pasteurellales Pasteurellaceae NA	t489
Bacteria	Proteobacteria	Gammaproteobacteria	Pasteurellales	Pasteurellaceae	Pasteurella	Bacteria Proteobacteria Gammaproteobacteria Pasteurellales Pasteurellaceae Pasteurella	t490
Bacteria	Proteobacteria	Gammaproteobacteria	Pseudomonadales	Moraxellaceae	Acinetobacter	Bacteria Proteobacteria Gammaproteobacteria Pseudomonadales Moraxellaceae Acinetobacter	t491
Bacteria	Proteobacteria	Gammaproteobacteria	Pseudomonadales	Moraxellaceae	Enhydrobacter	Bacteria Proteobacteria Gammaproteobacteria Pseudomonadales Moraxellaceae Enhydrobacter	t492
Bacteria	Proteobacteria	Gammaproteobacteria	Pseudomonadales	Moraxellaceae	Moraxella	Bacteria Proteobacteria Gammaproteobacteria Pseudomonadales Moraxellaceae Moraxella	t493
Bacteria	Proteobacteria	Gammaproteobacteria	Pseudomonadales	Moraxellaceae		Bacteria Proteobacteria Gammaproteobacteria Pseudomonadales Moraxellaceae NA	t494
Bacteria	Proteobacteria	Gammaproteobacteria	Pseudomonadales	Moraxellaceae	Psychrobacter	Bacteria Proteobacteria Gammaproteobacteria Pseudomonadales Moraxellaceae Psychrobacter	t495
Bacteria	Proteobacteria	Gammaproteobacteria	Pseudomonadales	Pseudomonadaceae	Pseudomonas	Bacteria Proteobacteria Gammaproteobacteria Pseudomonadales Pseudomonadaceae Pseudomonas	t496
Bacteria	Proteobacteria	Gammaproteobacteria	Vibrionales	Vibrionaceae	Photobacterium	Bacteria Proteobacteria Gammaproteobacteria Vibrionales Vibrionaceae Photobacterium	t497
Bacteria	Proteobacteria	Gammaproteobacteria	Vibrionales	Vibrionaceae	Vibrio	Bacteria Proteobacteria Gammaproteobacteria Vibrionales Vibrionaceae Vibrio	t498
Bacteria	Proteobacteria	Gammaproteobacteria	Xanthomonadales	Xanthomonadaceae	Arenimonas	Bacteria Proteobacteria Gammaproteobacteria Xanthomonadales Xanthomonadaceae Arenimonas	t499
Bacteria	Proteobacteria	Gammaproteobacteria	Xanthomonadales	Xanthomonadaceae	Pseudoxanthomonas	Bacteria Proteobacteria Gammaproteobacteria Xanthomonadales Xanthomonadaceae Pseudoxanthomonas	t500
Bacteria	Proteobacteria	Gammaproteobacteria	Xanthomonadales	Xanthomonadaceae	Rudaea	Bacteria Proteobacteria Gammaproteobacteria Xanthomonadales Xanthomonadaceae Rudaea	t501
Bacteria	Proteobacteria	Gammaproteobacteria	Xanthomonadales	Xanthomonadaceae	Stenotrophomonas	Bacteria Proteobacteria Gammaproteobacteria Xanthomonadales Xanthomonadaceae Stenotrophomonas	t502
Bacteria	Proteobacteria	Gammaproteobacteria	Xanthomonadales	Xanthomonadaceae	Thermomonas	Bacteria Proteobacteria Gammaproteobacteria Xanthomonadales Xanthomonadaceae Thermomonas	t503
Bacteria	Proteobacteria	Gammaproteobacteria	Xanthomonadales	Xanthomonadaceae	Xanthomonas	Bacteria Proteobacteria Gammaproteobacteria Xanthomonadales Xanthomonadaceae Xanthomonas	t504
Bacteria	Proteobacteria					Bacteria Proteobacteria NA NA NA NA	t505
Bacteria	Saccharibacteria_TM7	Saccharimonas_c	Saccharimonas_o	Saccharimonas_f	AF125206_g	Bacteria Saccharibacteria_TM7 Saccharimonas_c Saccharimonas_o Saccharimonas_f AF125206_g	t506
Bacteria	Saccharibacteria_TM7	Saccharimonas_c	Saccharimonas_o	Saccharimonas_f	Saccharimonas	Bacteria Saccharibacteria_TM7 Saccharimonas_c Saccharimonas_o Saccharimonas_f Saccharimonas	t507
Bacteria	Spirochaetes	Spirochaetes_c	Spirochaetales	Spirochaetaceae	Treponema	Bacteria Spirochaetes Spirochaetes_c Spirochaetales Spirochaetaceae Treponema	t508
Bacteria	SR1	CP006913_c	CP006913_o	CP006913_f	GU410548_g	Bacteria SR1 CP006913_c CP006913_o CP006913_f GU410548_g	t509
Bacteria	Synergistetes	Synergistia	Synergistales	Fretibacterium_f	Fretibacterium	Bacteria Synergistetes Synergistia Synergistales Fretibacterium_f Fretibacterium	t510
Bacteria	Synergistetes	Synergistia	Synergistales	Jonquetella_f	Jonquetella	Bacteria Synergistetes Synergistia Synergistales Jonquetella_f Jonquetella	t511
Bacteria	Synergistetes	Synergistia	Synergistales	Jonquetella_f	Pyramidobacter	Bacteria Synergistetes Synergistia Synergistales Jonquetella_f Pyramidobacter	t512
Bacteria	Synergistetes	Synergistia	Synergistales	Jonquetella_f	Rarimicrobium	Bacteria Synergistetes Synergistia Synergistales Jonquetella_f Rarimicrobium	t513
Bacteria	Synergistetes	Synergistia	Synergistales	Synergistaceae	Cloacibacillus	Bacteria Synergistetes Synergistia Synergistales Synergistaceae Cloacibacillus	t514
Bacteria	Tenericutes	Mollicutes	Acholeplasmatales	Acholeplasmataceae	FJ507320_g	Bacteria Tenericutes Mollicutes Acholeplasmatales Acholeplasmataceae FJ507320_g	t515
Bacteria	Tenericutes	Mollicutes	AM275436_o	AM275436_f	AM275436_g	Bacteria Tenericutes Mollicutes AM275436_o AM275436_f AM275436_g	t516
Bacteria	Tenericutes	Mollicutes	AM275436_o	AM275436_f	DQ353904_g	Bacteria Tenericutes Mollicutes AM275436_o AM275436_f DQ353904_g	t517
Bacteria	Tenericutes	Mollicutes	AM275436_o	AM275436_f	EU381695_g	Bacteria Tenericutes Mollicutes AM275436_o AM275436_f EU381695_g	t518
Bacteria	Tenericutes	Mollicutes	AM275436_o	AM275436_f	EU381820_g	Bacteria Tenericutes Mollicutes AM275436_o AM275436_f EU381820_g	t519
Bacteria	Tenericutes	Mollicutes	AM275436_o	AM275436_f	JN713547_g	Bacteria Tenericutes Mollicutes AM275436_o AM275436_f JN713547_g	t520
Bacteria	Tenericutes	Mollicutes	AM275436_o	AM275436_f		Bacteria Tenericutes Mollicutes AM275436_o AM275436_f NA	t521
Bacteria	Tenericutes	Mollicutes	AM275436_o	EF445272_f	EF445272_g	Bacteria Tenericutes Mollicutes AM275436_o EF445272_f EF445272_g	t522
Bacteria	Tenericutes	Mollicutes	AM275436_o	EF445272_f	EU844239_g	Bacteria Tenericutes Mollicutes AM275436_o EF445272_f EU844239_g	t523
Bacteria	Tenericutes	Mollicutes	GU196243_o	FJ367735_f	FJ367735_g	Bacteria Tenericutes Mollicutes GU196243_o FJ367735_f FJ367735_g	t524
Bacteria	Tenericutes	Mollicutes	Mycoplasmatales	Mycoplasmataceae	Mycoplasma_g1	Bacteria Tenericutes Mollicutes Mycoplasmatales Mycoplasmataceae Mycoplasma_g1	t525
Bacteria	Tenericutes	Mollicutes	Mycoplasmatales	Mycoplasmataceae	Mycoplasma_g4	Bacteria Tenericutes Mollicutes Mycoplasmatales Mycoplasmataceae Mycoplasma_g4	t526
Bacteria	Tenericutes	Mollicutes	Mycoplasmatales	Mycoplasmataceae_f1	Ureaplasma	Bacteria Tenericutes Mollicutes Mycoplasmatales Mycoplasmataceae_f1 Ureaplasma	t527
Bacteria	Verrucomicrobia	Opitutae	GU305779_o	EU464362_f	EU464362_g	Bacteria Verrucomicrobia Opitutae GU305779_o EU464362_f EU464362_g	t528
Bacteria	Verrucomicrobia	Opitutae	Opitutales	Opitutaceae	Opitutus	Bacteria Verrucomicrobia Opitutae Opitutales Opitutaceae Opitutus	t529
Bacteria	Verrucomicrobia	Verrucomicrobiae	Verrucomicrobiales	Akkermansiaceae	Akkermansia	Bacteria Verrucomicrobia Verrucomicrobiae Verrucomicrobiales Akkermansiaceae Akkermansia	t530
Eukarya	Ascomycota	Dothideomycetes	Capnodiales	Mycosphaerellaceae	Zymoseptoria	Eukarya Ascomycota Dothideomycetes Capnodiales Mycosphaerellaceae Zymoseptoria	t531
Eukarya	Ascomycota	Eurotiomycetes	Eurotiales	Trichocomaceae	Aspergillus	Eukarya Ascomycota Eurotiomycetes Eurotiales Trichocomaceae Aspergillus	t532
Eukarya	Ascomycota	Eurotiomycetes	Eurotiales	Trichocomaceae	Emericella	Eukarya Ascomycota Eurotiomycetes Eurotiales Trichocomaceae Emericella	t533
Eukarya	Ascomycota					Eukarya Ascomycota NA NA NA NA	t534
Eukarya	Chlorophyta					Eukarya Chlorophyta NA NA NA NA	t535
Eukarya	Chlorophyta	Trebouxiophyceae	Microthamniales	Trebouxia_f	Trebouxia	Eukarya Chlorophyta Trebouxiophyceae Microthamniales Trebouxia_f Trebouxia	t536
Eukarya						Eukarya NA NA NA NA NA	t537
Eukarya	Oomycota	Oomycetes	Peronosporales	Peronosporaceae	Phytophthora	Eukarya Oomycota Oomycetes Peronosporales Peronosporaceae Phytophthora	t538
Eukarya	Streptophyta	eudicotyledons	core_eudicotyledons	Convolvulaceae	Cuscuta	Eukarya Streptophyta eudicotyledons core_eudicotyledons Convolvulaceae Cuscuta	t539
Eukarya	Streptophyta	eudicotyledons	core_eudicotyledons	Cucurbitaceae		Eukarya Streptophyta eudicotyledons core_eudicotyledons Cucurbitaceae NA	t540
Eukarya	Streptophyta	eudicotyledons	core_eudicotyledons	Fabaceae		Eukarya Streptophyta eudicotyledons core_eudicotyledons Fabaceae NA	t541
Eukarya	Streptophyta	eudicotyledons	core_eudicotyledons			Eukarya Streptophyta eudicotyledons core_eudicotyledons NA NA	t542
Eukarya	Streptophyta	eudicotyledons	core_eudicotyledons	Salicaceae	Populus	Eukarya Streptophyta eudicotyledons core_eudicotyledons Salicaceae Populus	t543
Eukarya	Streptophyta	eudicotyledons	stem_eudicotyledons	Eupteleaceae	Euptelea	Eukarya Streptophyta eudicotyledons stem_eudicotyledons Eupteleaceae Euptelea	t544
Eukarya	Streptophyta					Eukarya Streptophyta NA NA NA NA	t545
						NA NA NA NA NA NA	t546
